name	address	latitude	longitude	phone	workingTime	province
Hội Sở	25 Bis Nguyễn Thị Minh Khai, Quận 1, Thành Phố Hồ Chí Minh, Việt Nam	10.783459	106.69919			Hồ Chí Minh
CN Sài Gòn	22-24-26 Pasteur, Phường Nguyễn Thái Bình, Quận 1, Thành Phố Hồ Chí Minh, Việt Nam	10.770164	106.70065			Hồ Chí Minh
PGD Cách Mạng Tháng 8	81 Cách Mạng Tháng 8, Phường Bến Thành, Quận 1, Thành Phố Hồ Chí Minh, Việt Nam	10.772059	106.69193			Hồ Chí Minh
PGD Nam Kỳ Khởi Nghĩa	215 Nam Kỳ Khởi Nghĩa, Phường 7, Quận 3, Thành Phố Hồ Chí Minh, Việt Nam	10.78796	106.685455			Hồ Chí Minh
PGD Huỳnh Tấn Phát	705 Huỳnh Tấn Phát, P. Phú Thuận, Quận 7, Thành Phố Hồ Chí Minh, Việt Nam	10.736632	106.73065			Hồ Chí Minh
PGD Phú Mỹ Hưng	1485 Nguyễn Văn Linh, Khu Phố Mỹ Toàn 1, Phường Tân Phong, Quận 7, Thành Phố Hồ Chí Minh, Việt Nam	10.728284	106.70206			Hồ Chí Minh
PGD Khánh Hội	173 Đường Khánh Hội, phường 3, Quận 4, Thành Phố Hồ Chí Minh, Việt Nam	10.757228	106.70019			Hồ Chí Minh
PGD Bình Điền (Công Lý cũ)	Sảnh văn phòng chợ Bình Điền, Đại lộ Nguyễn Văn Linh, Khu Phố 6, Phường 7, Quận 8, Thành Phố Hồ Chí Minh, Việt Nam	10.699434	106.60687			Hồ Chí Minh
CN Phú Nhuận	174 Phan Đăng Lưu, Phường 3, Quận Phú Nhuận, Thành Phố Hồ Chí Minh, Việt Nam	10.800754	106.681694			Hồ Chí Minh
PGD Tân Định	156 đường Trần Quang Khải, Phường Tân Định, Quận 1, Thành Phố Hồ Chí Minh, Việt Nam	10.792155	106.69042			Hồ Chí Minh
PGD Bạch Đằng	145 Lê Quang Ðinh, Phường 14, Quận Bình Thạnh, Thành Phố Hồ Chí Minh, Việt Nam	10.807553	106.69366			Hồ Chí Minh
PGD Lê Quang Định	472 Đường Lê Quang Định, Phường 11, Quận Bình Thạnh, Thành Phố Hồ Chí Minh, Việt Nam	10.813779	106.68986			Hồ Chí Minh
PGD Thanh Đa	667 Xô Viết Nghệ Tĩnh, Phường 26, Quận Bình Thạnh, Thành phố Hồ Chí Minh	10.811993	106.7147			Hồ Chí Minh
CN Lãnh Binh Thăng	449-451 Lý Thường Kiệt, phường 8, Quận Tân Bình, Thành Phố Hồ Chí Minh, Việt Nam	10.785846	106.65383			Hồ Chí Minh
PGD Lạc Long Quân	593 Bình Thới, Phường 10, Quận 11, Thành Phố Hồ Chí Minh, Việt Nam	10.762844	106.6408			Hồ Chí Minh
PGD Minh Phụng	169-171 Minh Phụng, Phường 9, Quận 6, Thành Phố Hồ Chí Minh, Việt Nam	10.752737	106.64279			Hồ Chí Minh
PGD Hòa Hưng	459 Sư Vạn Hạnh, Phường 12, Quận 10, Thành Phố Hồ Chí Minh, Việt Nam	10.773626	106.66705			Hồ Chí Minh
CN Nguyễn Trãi	207-209 Nguyễn Trãi, Phường 2, Quận 5, Thành Phố Hồ Chí Minh, Việt Nam	10.756722	106.67749			Hồ Chí Minh
PGD Ngô Gia Tự	187 Ngô Gia Tự, phường 2, Quận 10, Thành phố Hồ Chí Minh, Việt Nam (Tầng 1, tầng 2, tầng 3, tầng 4)	10.76455	106.6722			tầng 4)
PGD 3 tháng 2	604 Đường 3 Tháng 2, Phường 14, Quận 10, Thành Phố Hồ Chí Minh, Việt Nam	10.765205	106.66073			Hồ Chí Minh
PGD Nam Sài Gòn	123 Đường Số 10,  phường 4, Quận 8, Thành Phố Hồ Chí Minh, Việt Nam	10.741774	106.67095			Hồ Chí Minh
PGD Nguyễn Văn Cừ	118-120, Đường Nguyễn Văn Cừ, Phường Nguyễn Cư Trinh, Quận 1, Thành Phố Hồ Chí Minh, Việt Nam	10.758597	106.68449			Hồ Chí Minh
PGD Cây Gõ (PGD Kinh Dương Vương cũ)	1172C Đường 3 tháng 2, Phường 12, Quận 11, Thành Phố Hồ Chí Minh, Việt Nam	10.759278	106.65126			Hồ Chí Minh
CN Vạn Hạnh	374-374B Võ Văn Tần, Phường 5, Quận 3, Thành Phố Hồ Chí Minh, Việt Nam	10.770613	106.6845			Hồ Chí Minh
PGD Tây Sài Gòn (Phú Lâm cũ)	258 đường Vành Đai Trong, Phường Bình Trị Đông B, Quận Bình Tân, Thành Phố Hồ Chí Minh, Việt Nam	10.753148	106.61555			Hồ Chí Minh
PGD Nguyễn Hữu Thọ (Bình Hưng cũ)	Số 45, Khu Dân cư Phú Long, Phân Khu số 5, đường Nguyễn Hữu Thọ, xã Phước Kiển, huyện Nhà Bè, TP.HCM	10.731064	106.65394			HCM
PGD Thái Sơn	222 Nguyễn Thái Sơn, Phường 4, Quận Gò Vấp, Thành Phố Hồ Chí Minh, Việt Nam	10.820153	106.683205			Hồ Chí Minh
PGD Lê Văn Sỹ	185 B-C Đường Lê Văn Sỹ, Phường 14, Quận Phú Nhuận, Thành Phố Hồ Chí Minh, Việt Nam	10.792511	106.67038			Hồ Chí Minh
CN Cộng Hòa	18E Cộng Hòa, Phường 04, Quận Tân Bình, Thành Phố Hồ Chí Minh, Việt Nam	10.801529	106.654045			Hồ Chí Minh
PGD Nguyễn Oanh	255 A26 Nguyễn Văn Lượng, Phường 10, Quận Gò Vấp, Thành Phố Hồ Chí Minh, Việt Nam	10.83872	106.67205			Hồ Chí Minh
PGD Tân Phú	21A Gò Dầu, Phường Tân Quý, Quận Tân Phú , Thành Phố Hồ Chí Minh, Việt Nam	10.795402	106.628494			Hồ Chí Minh
PGD Âu Cơ	516 Âu Cơ, Phường 10, Quận Tân Bình, Thành Phố Hồ Chí Minh, Việt Nam	10.780189	106.64209			Hồ Chí Minh
PGD Duy Tân	69 Phạm Ngọc Thạch, Phường 6, Quận 3, Thành Phố Hồ Chí Minh, Việt Nam	10.786451	106.691414			Hồ Chí Minh
PGD Nguyễn Văn Quá (Trường Chinh cũ)	Số 410A đường Nguyễn Văn Quá, phường Đông Hưng Thuận, quận 12, TP.HCM	10.837358	106.629364			HCM
CN TP.Hồ Chí Minh	159 A-B Lê Đại Hành, Phường 13, Quận 11, Thành Phố Hồ Chí Minh, Việt Nam	10.762784	106.65652			Hồ Chí Minh
PGD Phan Văn Trị (Phú Thọ cũ)	Số 561 Phan Văn Trị, phường 5, quận Gò Vấp, Thành Phố Hồ Chí Minh, Việt Nam	10.825624	106.69			Hồ Chí Minh
PGD Nguyễn Ảnh Thủ	2C, 12C, 14C, 1515A Nguyễn Ảnh Thủ, Khu Phố 3, Phường. Trung Mỹ Tây, Quận 12, Thành Phố Hồ Chí Minh, Việt Nam	10.856638	106.60818			Hồ Chí Minh
PGD Nguyễn Sơn	238 Nguyễn Sơn, Phường Phú Thọ Hòa, Quận Tân Phú, Thành Phố Hồ Chí Minh, Việt Nam	10.782928	106.62462			Hồ Chí Minh
PGD Lê Trọng Tấn	445-445A Lê Trọng Tấn, P. Sơn Kỳ, Quận Tân Phú, Thành Phố Hồ Chí Minh, Việt Nam	10.807507	106.6225			Hồ Chí Minh
CN Thành phố Thủ Đức (CN Hiệp Phú cũ)	199 Lê Văn Việt, Phường Hiệp Phú, TP. Thủ Đức, TP.HCM	10.844072	106.78243			HCM
PGD Nguyễn Duy Trinh	201 Nguyễn Duy Trinh, Phường Bình Trưng Tây, TP.Thủ Đức, Thành Phố Hồ Chí Minh, Việt Nam	10.788371	106.76344			Hồ Chí Minh
PGD Linh Đông	226 Tô Ngọc Vân, Phường Linh Đông, Thành phố Thủ Đức, Thành Phố Hồ Chí Minh, Việt Nam	10.857462	106.74734			Hồ Chí Minh
PGD Thảo Điền (Cát Lái cũ)	Số 08 đường Nguyễn Văn Hưởng , Phường Thảo Điền, TP. Thủ Đức, TP. Hồ Chí Minh (một phần tầng trệt, 1 phần tầng 1, toàn bộ tầng 2).	10.805925	106.7259			toàn bộ tầng 2)
PGD Phước Long	274 - 276 Đỗ Xuân Hợp, Phường Phước Long A, Thành phố Thủ Đức (Q.9 cũ), Hồ Chí Minh, Việt Nam	10.812617	106.77573			Hồ Chí Minh
PGD Đông Sài Gòn	280 đường Trần Não, Khu phố 2,  Phường An Khánh, TP. Thủ Đức, Thành phố Hồ Chí Minh	10.796132	106.73413			Hồ Chí Minh
CN Nguyễn Đình Chiểu	Số 58 Nguyễn Đình Chiểu, P. Đa Kao, Quận 1, Thành Phố Hồ Chí Minh, Việt Nam	10.789145	106.6999			Hồ Chí Minh
CN Hàng Xanh	M03, M04, tầng lửng, văn phòng số 101, 102, 103, 104, tòa nhà Broadcast Điện Biên Phủ, Phường 15, Quận Bình Thạnh, Thành Phố Hồ Chí Minh, Việt Nam	10.795882	106.700966			Hồ Chí Minh
PGD Gò Vấp	871 Quang Trung, Phường 12, Quận Gò Vấp, Thành Phố Hồ Chí Minh, Việt Nam	10.843727	106.63884			Hồ Chí Minh
PGD Củ Chi (Bình Chiểu cũ)	Số 35-37, tỉnh lộ 8, Khu phố 1, thị trấn Củ Chi, huyên Củ Chi, Thành phố Hồ Chí Minh	10.970484	106.48939			Hồ Chí Minh
PGD Nguyễn Thị Định	519 Nguyễn Thị Định, Khu Phố 1, Phường Cát Lái, TP. Thủ Đức, Thành Phố Hồ Chí Minh, Việt Nam	10.7789	106.76346			Hồ Chí Minh
PGD Hoàng Diệu	1 Đinh Lễ, Phường 12, Quận 4, Thành Phố Hồ Chí Minh, Việt Nam	10.757222	106.70019			Hồ Chí Minh
PGD Bình Thọ	100B Đặng Văn Bi, Phường Bình Thọ,  Thành phố Thủ Đức (Q. Thủ Đức cũ),  Thành phố Hồ Chí Minh	10.843991	106.76257			Hồ Chí Minh
PGD Bình Thạnh	Tòa nhà HT Building, Số 132-134 Đường D2, Phường 25, Quận Bình Thạnh, Thành Phố Hồ Chí Minh, Việt Nam	10.804104	106.71592			Hồ Chí Minh
CN Gia Định	Tòa nhà Hà Phan 1119 Trần hưng Đạo, Phường 5, Quận 5, Thành Phố Hồ Chí Minh, Việt Nam	10.753252	106.67095			Hồ Chí Minh
PGD Khu Nam	Số 39 đường 9A Khu dân cư Trung Sơn, Xã Bình Hưng, Huyện Bình Chánh, Thành Phố Hồ Chí Minh, Việt Nam	10.738353	106.689766			Hồ Chí Minh
PGD Chợ Lớn (PGD Bình Phú cũ)	454-456 Hồng Bàng, phường 16, Quận 11, Thành phố Hồ Chí Minh, Việt Nam	10.75389	106.64866			Hồ Chí Minh
PGD Tân Bình	151 - 153 đường Nguyễn Hồng Đào, Phường 14, Quận Tân Bình, Thành Phố Hồ Chí Minh, Việt Nam	10.795151	106.64247			Hồ Chí Minh
PGD Tạ Uyên	742 -744 Nguyễn Chí Thanh, Phường 4, Quận 11, Thành Phố Hồ Chí Minh, Việt Nam	10.757363	106.65566			Hồ Chí Minh
PGD Trương Định	179 Nguyễn Cư Trinh, Phường Nguyễn Cư Trinh, Quận 1, Thành Phố Hồ Chí Minh, Việt Nam	10.75861	106.68449			Hồ Chí Minh
PGD Trường Sơn (Bình Thới cũ)	Tòa nhà Thép Toàn Thắng, Số 8A-10A, đường Trường Sơn, Phường 3, Quận Tân Bình, Thành Phố Hồ Chí Minh, Việt Nam	10.807456	106.66494			Hồ Chí Minh
CN Long An	112-114-116 đường Nguyễn Văn Tiếp, khu phố 3, thị trấn Bến Lức, huyện Bến Lức, tỉnh Long An, Việt Nam	10.640715	106.48376			Long An
PGD Long Hậu	Số MB 101, TTDV KCN Long Hậu, đường Long Hậu-Hiệp Phước, Xã Long Hậu, Huyện Cần Giuộc, Tỉnh Long An, Việt Nam	10.638036	106.713356			Long An
PGD Tầm Vu	Số 262 đường Đỗ Tường Phong, Khóm 1, thị trấn Tầm Vu, Huyện Châu Thành , Tỉnh Long An, Việt Nam	10.44305	106.4678			Long An
PGD Đức Hòa	Số 162C đường tỉnh 8241, khu Phố 3, Thị trấn Đức Hòa, Huyện Đức Hòa, Tỉnh Long An, Việt Nam	10.823413	106.45686			Long An
CN Cần Thơ	162-162b Đường Trần Hưng Đạo, phường An Nghiệp, quận Ninh Kiều, thành phố Cần Thơ, Việt Nam	10.036609	105.77576			Cần Thơ
PGD Thốt Nốt (PGD Tân An cũ)	262 Quốc lộ 91, phường Thốt Nốt, quận Thốt Nốt, thành phố Cần Thơ, Việt Nam	10.270354	105.53231			Cần Thơ
PGD Ninh Kiều	Số 81A-81B-83 Nguyễn Trãi, P. Tân An, Quận Ninh Kiều, Thành phố Cần Thơ	10.040269	105.78499			Cần Thơ
PGD Ô Môn	Khu vực 4, đường 26 tháng 3, phường Châu Văn Liêm, Quận Ô Môn, Thành Phố Cần Thơ, Việt Nam	10.11022	105.619865			Cần Thơ
CN An Giang	217 Lý Thái Tổ, tổ 5, nhóm 7, Phường Mỹ Long, Thành Phố Long Xuyên, Tỉnh An Giang, Việt Nam	10.377893	105.440094			An Giang
PGD Châu Đốc	163-165 Lê Lợi, tổ 17, Khóm Châu Long, Phường Châu Phú B, Thành Phố Châu Đốc, Tỉnh An Giang, Việt Nam	10.703175	105.13217			An Giang
PGD Châu Phú	Số 366 Quốc lộ 91, Tổ 12, ấp Bình Chánh, xã Bình Long, Huyện Châu Phú, Tỉnh An Giang, Việt Nam	10.56809	105.242226			An Giang
PGD Thoại Sơn	Số 407 đường Nguyễn Huệ, Thị trấn Núi Sập, Huyện Thoại Sơn, Tỉnh An Giang, Việt Nam	10.26736	105.26701			An Giang
CN Bến Tre	Số 72B1, Đại Lộ Đồng Khởi, KP4, phường Phú Khương, Thành Phố Bến Tre, Tỉnh Bến Tre, Việt Nam	10.250368	106.37337			Bến Tre
PGD Ba Tri	Số 34 đường 19/5, Khu Phố 2, Thị trấn Ba Tri, Tỉnh Bến Tre	10.0463	106.592384			Bến Tre
PGD Mỏ Cày Bắc	Số 67A, tỉnh lộ 882, ấp Phước Hậu, Xã Phước Mỹ Trung, Huyện Mỏ Cày Bắc, Tỉnh Bến Tre, Việt Nam	10.196537	106.27088			Bến Tre
CN Tiền Giang	Số 262 , đường Ấp Bắc, Phường 5, TP. Mỹ Tho, tỉnh Tiền Giang	10.369167	106.35294			Tiền Giang
CN Sóc Trăng	179-179A Trần Hưng Đạo, Phường 3, Thành Phố Sóc Trăng, Tỉnh Sóc Trăng, Việt Nam	9.594821	105.9679			Sóc Trăng
PGD Châu Thành	Số 327 ấp Trà Quýt A, Thị Trấn Châu Thành, Huyện Châu Thành, Tỉnh Sóc Trăng, Việt Nam	9.676042	105.90125			Sóc Trăng
PGD  Trần Đề	Số 240 đường Nam Sông Hậu, ấp Đầu Gồng, thị trấn Trần Đề, Huyện Trần Đề, Tỉnh Sóc Trăng, Việt Nam	9.313468	105.93803			Sóc Trăng
PGD  Ngã Năm	Số 27-29 đường Mai Thanh Thế, Khóm 1, Phường 1, Thị Xã Ngã Năm, Tỉnh Sóc Trăng, Việt Nam	9.564385	105.59756			Sóc Trăng
CN Đồng Tháp	62-64 Lý Thường Kiệt, Phường 2, Thành Phố Cao Lãnh, Tỉnh Đồng Tháp, Việt Nam	10.455897	105.635254			Đồng Tháp
PGD Sa Đéc	A8-10 đường Hùng Vương, Khóm 1, Phường 2, Thành Phố Sa Đéc, Tỉnh Đồng Tháp, Việt Nam	10.290788	105.76717			Đồng Tháp
PGD Tháp Mười	Số 118 đường Hùng Vương, Khóm 4, Thị Trấn Mỹ An, Huyện Tháp Mười, Tỉnh Đồng Tháp, Việt Nam	10.518541	105.843834			Đồng Tháp
PGD Hồng Ngự	Số 85-87 đường Lê Hồng Phong, Phường An Thạnh, Thị xã Hồng Ngự, Tỉnh Đồng Tháp, Việt Nam	10.808858	105.34358			Đồng Tháp
CN Kiên Giang	Lô A7-63+64 Ba Tháng Hai, Phường Vĩnh Bảo, Thành Phố Rạch Giá, Tỉnh Kiên Giang, Việt Nam	10.001719	105.08097			Kiên Giang
PGD An Biên (Kiên Lương cũ)	Số 58B, tổ 1, Khu phố 5, thị trấn Thứ Ba, Huyện An Biên, Tỉnh Kiên Giang, Việt Nam	9.823745	105.07199			Kiên Giang
PGD Minh Lương (Rạch Sỏi cũ)	Số 589, đường Quốc lộ 61, KP Minh Phú, TT Minh Lương, Huyện Châu Thành, Tỉnh Kiên Giang, Việt Nam	9.907729	105.156944			Kiên Giang
PGD Phú Quốc	Số 50, đường 30/4, khu phố 1, phường Dương Đông, TP Phú Quốc, Tỉnh Kiên Giang, Việt Nam	10.213949	103.963295			Kiên Giang
CN Vĩnh Long	Số 138 Phạm Thái Bường, Khóm 1, Phường 4, Thành Phố Vĩnh Long, Tỉnh Vĩnh Long, Việt Nam	10.244344	105.97587			Vĩnh Long
PGD Vũng Liêm	Số 160N, Đường Nam Kỳ Khởi Nghĩa, Khóm 2, Thị Trấn Vũng Liêm, Huyện Vũng Liêm, Tỉnh Vĩnh Long, Việt Nam	10.095531	106.18565			Vĩnh Long
PGD Tam Bình (Mỹ Thuận cũ)	Số 24 đường Phan Văn Đáng, Khóm 1, Thị trấn Tam Bình, Huyện Tam Bình, Tỉnh Vĩnh Long, Việt Nam	10.047831	105.99924			Vĩnh Long
CN Cà Mau	138A -138B Ngô Quyền, Phường 9, Thành Phố Cà Mau, Tỉnh Cà Mau, Việt Nam	9.183104	105.1414			Cà Mau
PGD Minh Hải (Sông Đốc cũ)	Số 66 đường Trần Hưng Đạo, phường 5, Thành Phố Cà Mau, Tỉnh Cà Mau	9.18005	105.15718			Cà Mau
PGD Tắc  Vân (Minh Hải cũ)	Số 666 đường Quốc lộ 1A, xã Tắc Vân, Thành Phố Cà Mau, Tỉnh Cà Mau	9.17451	105.27762			Cà Mau
PGD Năm Căn	Số 221 đường Hùng Vương, khóm 7, thị trấn Năm Căn, Huyện Năm Căn, Tỉnh Cà Mau	8.759327	104.99349			Cà Mau
CN Bình Dương	558 Đại Lộ Bình Dương, Thành Phố Thủ Dầu Một, Tỉnh Bình Dương, Việt Nam	10.992393	106.65903			Bình Dương
PGD Dĩ An	90 đường Dĩ An-Truông Tre, Khu Phố Bình Minh 2, Phường Dĩ An, Huyện Dĩ An, Tỉnh Bình Dương, Việt Nam	10.895549	106.76107			Bình Dương
PGD Bến Cát (Sở Sao cũ)	Lô C, Ô số 1, KDC Mỹ Phước 4 - Khu A, phường Mỹ Phước, thị xã Bến Cát, tỉnh Bình Dương, Việt Nam	11.148853	106.61145			Bình Dương
PGD Thủ Dầu Một	Lô B, ô 1 và ô 2, KP chợ Đinh Bộ Lĩnh, Phường Phú Cường, Thành Phố Thủ Dầu Một, Tỉnh Bình Dương, Việt Nam	10.97875	106.648674			Bình Dương
PGD Bình An	Thửa đất số 4011, tờ bản đồ số 2BA.3, số vào sổ cấp GNN:CT03772, KP Nội Hóa 2, Phường Bình An, Thị Xã Dĩ An, Tỉnh Bình Dương, Việt Nam	10.90557	106.79419			Bình Dương
PGD Bàu Bàng (Cổng Xanh-Phú Cường cũ)	Đường D1-5A tổ 14, ấp Đồng Sổ, Xã Lai Uyên, Huyện Bàu Bàng, Tỉnh Bình Dương, Việt Nam	11.239189	106.63568			Bình Dương
PGD Lái Thiêu	Số 66 đường Nguyễn Văn Tiết, khu Phố Đông Tư, phường Lái Thiêu, Thị Xã Thuận An, Tỉnh Bình Dương, Việt Nam	10.990841	106.65454			Bình Dương
CN Đồng Nai	208D Phạm Văn Thuận, Phường Tân Tiến, Thành phố Biên Hòa, Tỉnh Đồng Nai, Việt Nam	10.958014	106.838936			Đồng Nai
PGD Thanh Bình	L1-3, L1-4 KDC Phú Gia, đường Nguyễn Khuyến, Thành Phố Biên Hòa, Tỉnh Ðồng Nai, Việt Nam	10.949201	106.82048			Ðồng Nai
PGD Amata (Long Bình Tân cũ)	50-52 Ðồng Khởi, KP.4, P. Tân Hiệp, Thành Phố Biên Hòa, Tỉnh Ðồng Nai, Việt Nam	10.952693	106.870316			Ðồng Nai
PGD Tân Biên	388, Đường Nguyễn Ái Quốc, Khu Phố 9, Phường Hố Nai, Thành Phố Biên Hòa, Tỉnh Ðồng Nai, Việt Nam	10.9726	106.8835			Ðồng Nai
PGD Tân Hiệp	433-435 Đường Đồng Khởi, Tân Hiệp, Thành Phố Biên Hòa, Tỉnh Ðồng Nai, Việt Nam	10.965224	106.85417			Ðồng Nai
PGD Hố Nai	A3-A8, quốc lộ 1A, khu phố 5B, phường Tân Biên, Thành phố Biên Hòa, Tỉnh Đồng Nai, Việt Nam	10.967562	106.888405			Đồng Nai
PGD Tam Hiệp	151/2 KP4, Tam Hiệp, Thành Phố Biên Hòa, Tỉnh Đồng Nai, Việt Nam	10.950617	106.83435			Đồng Nai
PGD Long Khánh (Xuân Hòa cũ)	520 Hùng Vương, Phường Xuân Hòa, Thị xã Long Khánh, Tỉnh Đồng Nai, Việt Nam	10.92543	107.240746			Đồng Nai
PGD Trảng Bom	B4, B5 - Khu nhà ở Bắc, Huyện Trảng Bom, Tỉnh Đồng Nai, Việt Nam	10.951541	107.01262			Đồng Nai
PGD Quang Vinh	19/1 ấp Đồng Nai, Xã Hóa An, Thành Phố Biên Hòa, Tỉnh Ðồng Nai, Việt Nam	10.938856	106.81205			Ðồng Nai
CN SGD Đồng Nai	294-296 Khu Phố 1, Cách Mạng Tháng Tám, Quang Vinh, Thành Phố Biên Hòa, Tỉnh Ðồng Nai, Việt Nam	10.948364	106.815216			Ðồng Nai
PGD Quyết Thắng	Tầng trệt, Block B, Cao ốc Pegasus Plaza, số 53-55, đường Võ Thị Sáu, Phường Quyết Thắng, Thành Phố Biên Hòa, Tỉnh Ðồng Nai, Việt Nam	10.946824	106.82515			Ðồng Nai
PGD Bửu Long	3/6C, KP2, Bửu Long, Thành Phố Biên Hòa, Tỉnh Ðồng Nai, Việt Nam	10.954618	106.79631			Ðồng Nai
PGD Tân Phong	348C Nguyễn Ái Quốc, phường Tân Tiến, Thành Phố Biên Hòa, Tỉnh Đồng Nai	10.963081	106.83867			Đồng Nai
PGD Tân Mai	1/20 tổ 3, KP7, Tân Mai, Thành Phố Biên Hòa, Tỉnh Ðồng Nai, Việt Nam	10.954621	106.852234			Ðồng Nai
PGD Bình Sơn (Đồng Khởi cũ)	Đường DT769, ấp 8, xã Bình Sơn, Huyện Long Thành, Tỉnh Ðồng Nai, Việt Nam	10.795231	107.00935			Ðồng Nai
PGD Thạnh Phú	459A, tỉnh lộ 768, ấp 1, xã Thạnh Phú, Huyện Vĩnh Cửu, Tỉnh Đồng Nai, Việt Nam	11.01158	106.84355			Đồng Nai
PGD Tân Hòa	58/1 - 60/1 Quốc lộ 1A, khu phố 2, phường Tân Hòa, Thành Phố Biên Hòa,  Tỉnh Đồng Nai, Việt Nam	10.968136	106.90568			Đồng Nai
PGD Vĩnh An	Khu phố 5, thị trấn Vĩnh An, TT. Vĩnh An, Huyện Vĩnh Cửu,  Tỉnh Đồng Nai, Việt Nam	11.086492	107.03361			Đồng Nai
PGD Tam Phước	246B Long Đức 1, Tam Phước, Huyện Long Thành,  Tỉnh Đồng Nai, Việt Nam	10.853673	106.93009			Đồng Nai
PGD Long Bình	351 Quốc lộ 51, khu phố 1, phường Long Bình Tân, Thành phố Biên Hòa, Tỉnh Đồng Nai, Việt Nam	10.895478	106.87548			Đồng Nai
PGD Nhơn Trạch	Số 357, đường Hùng Vương, Ấp 3, xã Hiệp Phước, Huyện Nhơn Trạch, Tỉnh Đồng Nai, Việt Nam	10.741976	106.94559			Đồng Nai
PGD Long Thành	260 Lê Duẩn, Khu Văn Hải, Thị Trấn Long Thành, Huyện Long Thành, Tỉnh Đồng Nai, Việt Nam	10.780006	106.95242			Đồng Nai
PGD Định Quán	193 Quốc lộ 20, ấp Hiệp Quyết, TX Định Quán, Huyện Định Quán, Tỉnh Đồng Nai, Việt Nam	11.201094	107.3573			Đồng Nai
PGD Phương Lâm	2117 QL20 Ấp Phương Lâm 1, Xã Phú Lâm, Huyện Tân Phú, Tỉnh Đồng Nai, Việt Nam	11.283781	107.486015			Đồng Nai
PGD Gia Ray	362 Trần Phú, KP3, TT Gia Ray, Huyện Xuân Lộc, Tỉnh Đồng Nai, Việt Nam	10.925987	107.40475			Đồng Nai
PGD Thống Nhất	A2/063, quốc lộ 20, ấp Bắc Sơn, xã Quang Trung, Huyện Thống Nhất, tỉnh Đồng Nai	11.02327	107.17579			Đồng Nai
PGD Sông Ray	Ấp 5, xã Sông Ray, Huyện Cẩm Mỹ, Tỉnh Đồng Nai, Việt Nam	10.762622	107.34586			Đồng Nai
PGD Phước Bình (Long Khánh cũ)	Tổ 5, ấp 2, QL51, Xã Phước Bình, Huyện Long Thành, Tỉnh Đồng Nai, Việt Nam	10.658859	107.037094			Đồng Nai
PGD Xuân An	KP1, Hùng Vương, P. Xuân Bình, Thị Xã Long Khánh, Tỉnh Đồng Nai, Việt Nam	10.937514	107.240166			Đồng Nai
PGD Đông Hòa	Số 12 khu 6, ấp Bàu Cá, xã Trung Hòa, Huyện Trảng Bom, Tỉnh Đồng Nai, Việt Nam	10.968794	107.03046			Đồng Nai
PGD Hố Nai 3	Ấp Thanh Hóa Quốc Lộ 1A, Hố Nai 3, Huyện Trảng Bom, Tỉnh Đồng Nai, Việt Nam	10.961719	106.94507			Đồng Nai
CN Vũng Tàu	63 Lê Hồng Phong, phường 7, Thành Phố Vũng Tàu, Tỉnh Bà Rịa - Vũng Tàu, Việt Nam	10.356322	107.08321			Vũng Tàu
PGD Lý Thường Kiệt	179A-181A Nam Kỳ Khởi Nghĩa, Phường 3, Thành Phố Vũng Tàu, Tỉnh Bà Rịa - Vũng Tàu, Việt Nam	10.3509	107.08609			Vũng Tàu
PGD Phước Tĩnh	Số 10 Tổ 2 Ấp Phước Lâm, Phường Phước Tỉnh, Huyện Long Điền, Tỉnh Bà Rịa Vũng Tàu, Việt Nam	10.410483	107.19522			Bà Rịa Vũng Tàu
PGD Bà Rịa	267 Cách Mạng Tháng 8, Phường Phước Hưng, Thị xã Bà Rịa, Tỉnh Bà Rịa Vũng Tàu, Việt Nam	10.495198	107.17262			Bà Rịa Vũng Tàu
PGD Châu Đức	số 307 Hùng Vương, KP 2, Thị Trấn Ngãi Giao,  Huyện Châu Đức, Tỉnh Bà Rịa - Vũng Tàu, Việt Nam	10.648453	107.245895			Vũng Tàu
PGD Rạch Dừa ( Lê Hồng Phong cũ)	Số 213-215 Đường 30/04 Phường Thống Nhất, Thành Phố Vũng Tàu, Tỉnh Bà Rịa - Vũng Tàu, Việt Nam	10.399841	107.10983			Vũng Tàu
CN Tây Ninh	440, Đường 30 tháng 4. Khu phố 1, Phường 3, TP Tây Ninh, Tỉnh Tây Ninh	11.3190975	106.099434			Tây Ninh
PGD Tân Châu	Số 105-107 Trần Văn Trà, thị trấn Tân Châu, Huyện Tân Châu, tỉnh Tây Ninh, Việt Nam	11.554409	106.161896			Tây Ninh
PGD Xa Mát	Số 12 Nguyễn Văn Linh, thị trấn Tân Biên, Huyện Tân Biên, Tỉnh Tây Ninh, Việt Nam	11.542656	106.00512			Tây Ninh
PGD Trảng Bàng (Gò Dầu cũ)	Số 22 Quốc lộ 22, tổ 1, khu Phố Gia Huỳnh, thị trấn Trảng Bàng, Huyện Trảng Bàng , Tỉnh Tây Ninh, Việt Nam	11.031954	106.36263			Tây Ninh
CN Bình Phước	Số 672 Quốc Lộ 14, Phường Tân Phú, Thị Xã Đồng Xoài, Tỉnh Bình Phước, Việt Nam	11.535097	106.89232			Bình Phước
PGD Thác Mơ	Đường Nguyễn Tất Thành (ĐT 741 cũ), KP5, phường Long Phước, Thị Xã Phước Long, Tỉnh Bình Phước, Việt Nam	11.820846	106.96025			Bình Phước
CN Lâm Đồng	1/23 Trần Phú, Phường 4, Thành Phố Đà Lạt, Tỉnh Lâm  Đồng, Việt Nam	11.93635	108.431854			Lâm  Đồng
PGD Đức Trọng	Số 546 Quốc lộ 20, tổ dân Phố 29, thị trấn Liên Nghĩa, Huyện Đức Trọng, Tỉnh Lâm Đồng, Việt Nam	11.728433	108.37057			Lâm Đồng
CN Đăk Lăk	Số 10 Trần Hưng Đạo, phường Thắng Lợi, Thành Phố Buôn Ma Thuột, Tỉnh Đắk Lắk, Việt Nam	12.685127	108.04949			Đắk Lắk
PGD Krông Buk	Thôn Tân Lập, xã Pơng Drang, Huyện Krông Buk, Tỉnh Đắk Lắk, Việt Nam	12.952515	108.248024			Đắk Lắk
PGD Cư Kuin	Thôn 2, Xã Ea Ktur, Huyện Cư Kuin, Tỉnh Đắk Lắk, Việt Nam	12.603142	108.136444			Đắk Lắk
PGD Ea H'Leo	Số 412 đường Giải Phóng,thị trấn Ea Drăng, Huyện Ea H'Leo, Tỉnh Đắk Lắk, Việt Nam	13.19933	108.204956			Đắk Lắk
CN Đăk Nông	Số 354 Tôn Đức Thắng, phường Nghĩa Thành, Thị xã Gia Nghĩa, Tỉnh Đăk Nông, Việt Nam	12.007284	107.68389			Đăk Nông
CN Gia Lai	182 Nguyễn Tất Thành, phường Phù Đổng, TP. Pleiku , tỉnh Gia Lai, Việt Nam	13.97877	108.01193			Gia Lai
PGD An Khê (Pleiku cũ)	Số 1063 Quang Trung, phường An Phú, thị xã An Khê, Tỉnh Gia Lai, Việt Nam	13.95421	108.66413			Gia Lai
PGD Đak Đoa	Số 297-299 Nguyễn Huệ, tổ dân Phố 3, thị trấn Đak Đoa, Huyện Đak Đoa, Tỉnh Gia Lai, Việt Nam	13.995172	108.11467			Gia Lai
PGD Chư Sê	Số 807B Hùng Vương, thị trấn Chư Sê, Huyện Chư Sê, Tỉnh Gia Lai, Việt Nam	13.694408	108.0772			Gia Lai
CN Kon Tum	556A Trần Phú, Phường Quyết Thắng, Thành Phố Kon Tum, Tỉnh Kon Tum, Việt Nam	14.352423	108.00631			Kon Tum
PGD Ngọc Hồi	Số 843 Hùng Vương, tổ dân Phố 2, thị trấn Plei Kần, Huyện Ngọc Hồi, Tỉnh Kon Tum, Việt Nam	14.705748	107.69628			Kon Tum
CN Bình Thuận	119 Trần Hưng Đạo, Phường Phú Thủy, Thành Phố Phan Thiết, Tỉnh Bình Thuận, Việt Nam	10.937929	108.10162			Bình Thuận
PGD Hàm Thuận Nam	Khu Phố Lập Hòa, thị trấn Thuận Nam, huyện Hàm Thuận Nam, Tỉnh Bình Thuận, Việt Nam	10.840733	107.86187			Bình Thuận
PGD Đức Linh	Số 15A đường ĐT 766, thôn 4, xã Đức Hạnh, Huyện Đức Linh, Tỉnh Bình Thuận, Việt Nam	11.134243	107.50062			Bình Thuận
CN Nha Trang	Toà nhà Ariyana Smart Condotel, 18 Trần Hưng Đạo, Phường Lộc Thọ, Thành Phố Nha Trang, Tỉnh Khánh Hòa, Việt Nam	12.245432	109.19483			Khánh Hòa
PGD Chợ Mới	22 Đường 23/10, Phường Ngọc Hiệp, Thành Phố Nha Trang, Tỉnh Khánh Hòa, Việt Nam	12.25028	109.17984			Khánh Hòa
PGD Cam Ranh	Số 109 Đại lộ Hùng Vương (Quốc lộ 1A), phường Cam Lợi, Thành Phố Cam Ranh, tỉnh Khánh Hòa, Việt Nam	11.91696	109.14322			Khánh Hòa
PGD Trung Tâm	Số 100 Hoàng Văn Thụ, Phường Vạn Thắng, Thành Phố Nha Trang, Tỉnh Khánh Hòa, Việt Nam	12.250949	109.1881			Khánh Hòa
CN Phú Yên	Số 355-357 Nguyễn Huệ, phường 5, thành phố Tuy Hòa, tỉnh Phú Yên	13.093897	109.31146			Phú Yên
CN Bình Định	89 - 91 Mai Xuân Thưởng, Thành Phố Quy Nhơn, Tỉnh Bình Định, Việt Nam	13.775487	109.22316			Bình Định
PGD An Nhơn	Số  146-148 Ngô Gia Tự, phường Bình Định, Thị Xã An Nhơn, Tỉnh Bình Định, Việt Nam	13.888818	109.11621			Bình Định
PGD Tây Sơn (Diêu Trì cũ)	Số 2B Nguyễn Huệ, thị trấn Phú Phong, Huyện Tây Sơn, Tỉnh Bình Định, Việt Nam	13.907127	108.922775			Bình Định
PGD Bồng Sơn	Số 221-223 Quang Trung, Thị trấn Bồng Sơn, Huyện Hoài Nhơn, Tỉnh Bình Định, Việt Nam	14.434827	109.01763			Bình Định
CN Quảng Ngãi	219- 221 Quang Trung, Phường Lê Hồng Phong, Thành Phố Quảng Ngải, Tỉnh Quảng Ngãi, Việt Nam	15.127721	108.80228			Quảng Ngãi
PGD Đức Phổ	Số 310 Nguyễn Nghiêm, Thị trấn Đức Phổ, Huyện Đức Phổ, Tỉnh Quảng Ngãi, Việt Nam	14.816408	108.9536			Quảng Ngãi
CN Quảng Nam	244 Lý Thường Kiệt, Phường Sơn Phong, Thành Phố Hội An, Tỉnh Quảng Nam, Việt Nam	15.882842	108.330376			Quảng Nam
PGD Tam Kỳ	Số 237-239 Phan Châu Trinh, phường Phước Hòa, Thành Phố Tam Kỳ, Tỉnh Quảng Nam, Việt Nam	15.568544	108.48945			Quảng Nam
CN Đà Nẵng	191 Lê Lợi, Phường Hải Châu 1, Quận Hải Châu, Thành Phố Đà Nẵng, Việt Nam	16.068361	108.21543			Đà Nẵng
PGD Lê Duẩn	185 Đống Đa, P.Thạch Thang, Quận Hải Châu, Thành Phố Đà Nẵng, Việt Nam	16.077097	108.21634			Đà Nẵng
PGD Hải Châu	Lô 500A Điện Biên Phủ,Phường Hoà Khê, Quận Thanh Khê, Thành Phố Đà Nẵng, Việt Nam	16.067665	108.22016			Đà Nẵng
PGD Hòa Cường	376 Núi Thành, P.Hòa Cường, Quận Hải Châu, Thành Phố Đà Nẵng, Việt Nam	16.039503	108.22189			Đà Nẵng
PGD Nguyễn Văn Linh	150-152 Nguyễn Văn Linh, Quận Thanh Khê, Thành Phố Đà Nẵng, Việt Nam	16.06039	108.212616			Đà Nẵng
CN Huế	41-43 Bến Nghé, Phường Phú Hộ, Thành Phố Huế, Thành Phố Huế, Việt Nam	16.465778	107.59459			Huế
PGD Bắc Sông Hương	Số 81 đường Mai Thúc Loan, Phường Thuận Thành, Thành Phố Huế, Tỉnh Thừa Thiên Huế, Việt Nam	16.47637	107.58249			Thừa Thiên Huế
PGD Hương Thủy	Số 153 Nguyễn Tất Thành, phường Thùy Dương, Thị Xã Hương Thủy, Tỉnh Thừa Thiên Huế, Việt Nam	16.442991	107.61782			Thừa Thiên Huế
VPĐD Khu Vực Phía Bắc	Tầng 9 - Số 32 Trần Hưng Đạo, phường Phan Châu Trinh, Quận Hoàn Kiếm, Thành Phố Hà Nội, Việt Nam	21.020435	105.85474			Hà Nội
CN Hà Nội	302 Phố Kim Mã, Ngọc Khánh, Ba Đình, Hanoi, Vietnam	21.031042	105.81787			Vietnam
PGD Hồng Hà	6-8 đường Lê Văn Linh, phường Hàng Mã, Quận Hoàn Kiếm, Thành Phố Hà Nội, Việt Nam (tầng 1 & tầng 2)	21.037584	105.845856			Hà Nội
PGD Hai Bà Trưng	183 Bà Triệu, phường Lê Đại Hành, Quận Hai Bà Trưng, Thành Phố Hà Nội, Việt Nam	21.012236	105.84919			Hà Nội
PGD Đống Đa	Căn nhà liền kề LK11A-01, Khu đo thị mới Mỗ Lao, phường Mộ Lao, quận Hà Đông	20.983124	105.78185			quận Hà Đông
PGD Linh Đàm 	BT1 ô số 07 khu nhà ở Bắc Linh Đàm-Nguyễn Hữu Thọ, Phường Đại Kim, Quận Hoàng Mai, Thành Phố Hà Nội, Việt Nam	20.966661	105.82603			Hà Nội
PGD Hoàng Văn Thái	142 Hoàng Văn Thái, Phường Khương Mai, Quận Thanh Xuân, Thành Phố Hà Nội	20.996723	105.82506			Hà Nội
PGD Hà Thành	288 Lạc Trung, Phường Vĩnh Tuy, quận Hai Bà Trưng, thành Phố Hà Nội, Việt Nam	21.003183	105.86734			Hà Nội
PGD Văn Quán (Vạn Xuân cũ)	Số 54 Nguyễn Khuyến, Phường Văn Quán, Quận Hà Đông, Thành Phố Hà Nội, Việt Nam	20.969048	105.76885			Hà Nội
PGD Đông Đô	T.1&T.2, số 81+83, tổ 9 (nay là tổ 4), thị trấn Đông Anh, huyện Đông Anh, Thành Phố Hà Nội, Việt Nam	21.15133	105.84496			Hà Nội
PGD Nam Đô	Tầng 1-2-3, căn A6+A7 Số 257 Giải phóng, phường Phương Mai, Quận Đống Đa, Thành Phố Hà Nội, Việt Nam (Địa chỉ giao dịch: 46 Phố Vọng, phường Phương Mai, Quận Đống Đa, Thành Phố Hà Nội)	20.99903	105.841675			Hà Nội)
PGD Kinh Đô	Số 40 đường Kim Đồng, phường Giáp Bát, quận Hoàng Mai, Thành Phố Hà Nội, Việt Nam	20.983654	105.84472			Hà Nội
PGD Thành Công	101 và 201-C18 Nguyên Hồng, Phường Láng Hạ, Quận Đống Đa, Thành Phố Hà Nội, Việt Nam	21.016365	105.810684			Hà Nội
PGD Thượng Đình	Tầng 1 Tòa Nhà Nam Anh, số 68 Ngõ 116 Nhân Hòa, phường Nhân Chính,  Quận Thanh Xuân, Thành Phố Hà Nội, Việt Nam	21.004097	105.80711			Hà Nội
PGD Hoàng Mai 	86 Võ Thị Sáu, Thanh Nhàn, Hai Bà Trưng, Quận Hoàn Kiếm, Thành Phố Hà Nội, Việt Nam	21.0054	105.85486			Hà Nội
PGD Yên Thái	Số 392 Thụy Khuê, phường Bưởi, Quận Tây Hồ, Thành Phố Hà Nội, Việt Nam	21.04539	105.81385			Hà Nội
CN Hoàn Kiếm	32 Trần Hưng Đạo, Phường Phan Chu Trinh, Quận Hoàn Kiếm, Thành Phố Hà Nội, Việt Nam	21.020592	105.85228			Hà Nội
PGD Thành Đô (Thái Thịnh cũ)	Số 20 tập thể T579C Phố Hào Nam, Phường Ô Chợ Dừa, Quận Đống Đa, Thành Phố Hà Nội, Việt Nam	21.024261	105.82688			Hà Nội
PGD Hà Đông	Ô số 5, lô biệt thự BT1, khu đô thị Văn Phú, Quận Hà Đông, Thành Phố Hà Nội, Việt Nam	20.961079	105.765434			Hà Nội
PGD Thủ Đô	Số 690 đường Lạc Long Quân, Phường Nhật Tân, Quận Tây Hồ, Thành Phố Hà Nội, Việt Nam	21.0794	105.81648			Hà Nội
PGD Trần Hưng Đạo	33 Tràng Thi, Phường Trần Hưng Đạo, Quận Hoàn Kiếm , Thành Phố Hà Nội, Việt Nam	21.026817	105.84607			Hà Nội
PGD Gia Lâm (Tràng Tiền cũ)	Số 111 đường Ngô Xuân Quảng, thị trấn Trâu Quỳ, Huyện Gia Lâm, Thành Phố Hà Nội, Việt Nam	21.01797	105.93701			Hà Nội
PGD Phan Đình Phùng (Nguyễn Trường Tộ cũ)	Số 37B+37C phố Phan Đình Phùng, phường Quán Thánh, Quận Ba Đình, Thành Phố Hà Nội, Việt Nam	21.04061	105.843155			Hà Nội
PGD Triều Khúc	Thôn Triều Khúc, xã Tân Triều, Huyện Thanh Trì, Thành Phố Hà Nội, Việt Nam	20.979156	105.800446			Hà Nội
PGD Lê Thanh Nghị 	Số 142 Nguyễn An Ninh, Phường Tương Mai, Quận Hoàng Mai, Thành Phố Hà Nội, Việt Nam	20.991812	105.84429			Hà Nội
PGD Long Biên	Ngõ 562 Nguyễn Văn Cừ, Phường Gia Thụy, Quận Long Biên, Thành Phố Hà Nội, Việt Nam	21.049559	105.88383			Hà Nội
PGD Tràng An	LKA12 Dự án khu nhà ở thấp tầng A1TT1, phường Xuân Tân, Q Bắc Từ Liêm, TP.Hà Nội	21.037678	105.79765			Hà Nội
PGD Nam Hà Nội	224 Phố Ga, Thị trấn Thường Tín, Huyện Thường Tín, Thành phố Hà Nội, Việt Nam	20.871101	105.86487			Hà Nội
CN Ba Đình	243A, Đê La Thành, Láng Thượng, Quận Đống Đa, Thành Phố Hà Nội, Việt Nam	21.027958	105.80233			Hà Nội
PGD Tây Đô	Số 11 đường Nguyễn Văn Huyên kéo dài, tổ 22, phương Quan Hoa, Quận Cầu Giấy , Thành Phố Hà Nội, Việt Nam	21.03677	105.79792			Hà Nội
PGD Trung Hòa	80 Trung Kính, Phường Yên  Hoà, Quận Cầu Giấy, Thành Phố Hà Nội, Việt Nam	21.015574	105.79268			Hà Nội
PGD Tây Hồ	22 Xuân La, Phường Xuân La, Quận Tây Hồ, Thành Phố Hà Nội, Việt Nam	21.062447	105.80574			Hà Nội
PGD Kim Liên (PGD Hoài Đức cũ)	Số 59 Xã Đàn, phường Phương Liên, Quận Đống Đa, Thành Phố Hà Nội, Việt Nam	21.011902	105.836136			Hà Nội
PGD Tây Hà Nội	138 Hoàng Quốc Việt, Nghĩa Tân,Quận Cầu Giấy, Thành Phố Hà Nội, Việt Nam	21.046381	105.79096			Hà Nội
PGD Cầu Giấy	12 Trương Công Giai, Phường Dịch Vọng, Quận Cầu Giấy, Thành Phố Hà Nội, Việt Nam	21.035152	105.79105			Hà Nội
PGD Thanh Xuân	144 Khuất Duy Tiến, Quận Thanh Xuân, Thành Phố Hà Nội, Việt Nam	20.99995	105.79627			Hà Nội
PGD Mỹ Đình 1	Số B2-09 Khu chức năng đô thị Thành phố Xanh, phường Cầu Diễn, quận Nam Từ Liêm, Thành Phố Hà Nội, Việt Nam	21.03084	105.76729			Hà Nội
PGD Trung Yên	17 Lô 14A, KĐT Trung Yên, Phường Trung Hòa, Quận Cầu Giấy, Thành Phố Hà Nội, Việt Nam	21.01496	105.80109			Hà Nội
PGD Mỹ Đình 2	Lô 117 Kiểu nhà 1B khu nhà ở thấp tầng TT3, TDP Số 4 Phường Mỹ Đình 1, Quận Nam Từ Liêm, Thành Phố Hà Nội, Việt Nam	21.01631	105.77678			Hà Nội
PGD Từ Liêm	Tổ dân Phố số 8 Tu Hoàng, phường Phương Canh, Quận Nam Từ Liêm, Thành Phố Hà Nội, Việt Nam	21.053116	105.73052			Hà Nội
CN Hùng Vương	Số 23 Duy Tân, phường Mỹ Đình 2, Quận Nam Từ Liêm, Thành Phố Hà Nội, Việt Nam (Một phần tầng 1&2)	21.03133	105.78079			Hà Nội
PGD Bắc An Khánh (Nguyễn Chí Thanh cũ)	Tầng 1-Zone A1, Tòa nhà 101 Khu chung cư, Khu đô thị Splendora, Bắc An Khánh, Thành Phố Hà Nội, Việt Nam	21.01646	105.72415			Hà Nội
PGD Trần Duy Hưng	Tầng 1 Tòa Nhà CT3, phường Trung Hòa,  Quận Cầu Giấy, Thành Phố Hà Nội, Việt Nam	21.014988	105.80108			Hà Nội
PGD Hạ Đình  (Ô Chợ Dừa cũ)	Tầng 1+2, số 109 Nguyễn Xiển, Phường Hạ Đình, Quận Thanh Xuân, Thành Phố Hà Nội, Việt Nam	20.988064	105.80633			Hà Nội
PGD Quang Trung	Lô T1-03, tầng 1, tòa nhà CT2, chung cư Ngô Thì Nhậm, Phường Hà Cầu, Quận Hà Đông, Thành Phố Hà Nội, Việt Nam	20.969168	105.768234			Hà Nội
PGD Mỹ Đình	01 Lê Đức Thọ, Phương Mai Dịch, Quận Cầu Giấy, Thành Phố Hà Nội, Việt Nam	21.037458	105.77168			Hà Nội
CN Hồ Gươm	Số 66 Lê Văn Lương, Phường Nhân Chính, Quận Thanh Xuân, Thành Phố Hà Nội, Việt Nam	21.000418	105.79757			Hà Nội
PGD Hà Huy Tâp	Số 547 Ngô Gia Tự, Đức Giang, Quận Long Biên, Thành Phố Hà Nội, Việt Nam	21.065893	105.89799			Hà Nội
PGD Vĩnh Tuy (Hàng Buồm cũ)	Số 222 Phố Dương Văn Bé, Phường Vĩnh Tuy, Quận Hai Bà Trưng, thành phố Hà Nội, Việt Nam	20.996191	105.87385			Hà Nội
PGD Nguyễn Khang (Bắc Linh Đàm cũ)	Số 78 Nguyễn Khang, Phường Yên Hoà, Quận Cầu Giấy, Thành Phố Hà Nội, Việt Nam	21.022217	105.79929			Hà Nội
PGD Yên Phụ	Số 45 đường Âu Cơ, Phường Quảng An, quận Tây Hồ, thành phố Hà Nội, Việt Nam	21.060556	105.83309			Hà Nội
PGD Sài Đồng (Lạc Trung cũ)	Số 66 Sài Đồng, Phường Sài Đồng, Quận Long Biên, Thành Phố Hà Nội, Việt Nam	21.05544	105.86529			Hà Nội
PGD Tương Mai (Khâm Thiên cũ)	154 phố Tân Mai, phường Tương Mai, quận Hoàng Mai, Thành Phố Hà Nội, Việt Nam	20.983456	105.85274			Hà Nội
PGD Lương Định Của	Số 02, ngõ 11+13 Lương Định Của, Phường Kim Liên, Quận Đống Đa, Thành Phố Hà Nội, Việt Nam	21.006388	105.83546			Hà Nội
PGD Ngọc Thụy  (Nguyễn Lương Bằng cũ)	Số 246 Ngọc Thuỵ, Phường Ngọc Thuỵ Quận Long Biên , Thành Phố Hà Nội, Việt Nam	21.057213	105.86592			Hà Nội
PGD Thái Thịnh	61 Phố Thái Thịnh,tổ 13b, Phường Thịnh Quang, Quận Đống Đa, Thành Phố Hà Nội, Việt Nam	21.010675	105.818054			Hà Nội
CN Ninh Bình	Số 67 đường Lương Văn Tụy, Phố Phúc Tân, phường Phúc Thành, Thành Phố Ninh Bình, Tỉnh Ninh Bình, Việt Nam	20.256447	105.96979			Ninh Bình
CN Hà Tĩnh	Số 70 Phan Đình Phùng, Phường Bắc Hà, Thành Phố Hà Tĩnh, Tỉnh Hà Tĩnh, Việt Nam	18.339518	105.90138			Hà Tĩnh
PGD Vũng Áng	Thôn Liên Giang, Xã Kỳ Long, Huyện Kỳ Anh, Tỉnh Hà Tĩnh, Việt Nam	18.028757	106.397835			Hà Tĩnh
PGD Lộc Hà	Đường 22.12, thôn Hồng Lạc, xã Thạch Châu, Huyện Lộc Hà, Tỉnh Hà Tĩnh, Việt Nam	18.434605	105.892044			Hà Tĩnh
PGD Hương Sơn	56 Nguyễn Tuấn Thiện, khối phố 1, thị trấn Phố Châu, Huyện Hương Sơn, Tỉnh Hà Tĩnh, Việt Nam	18.5111	105.423515			Hà Tĩnh
CN Nghệ An	39 Lê Hồng Phong, phường  Hưng Bình, Thành Phố Vinh, Tỉnh Nghệ An, Việt Nam	18.676462	105.68021			Nghệ An
PGD Đô Lương (Hưng Phúc cũ)	Khu đô thị mới Vườn Xanh, khối 4, thị trấn Đô Lương, Tỉnh Nghệ An, Việt Nam	18.892614	105.30864			Nghệ An
PGD Quán Hành	Tòa nhà công ty cổ phần thương mại Bảo Hưng, Khối Phố 4, Thị Trấn Quán Hành, Huyện Nghi Lộc, Tỉnh Nghệ An, Việt Nam	18.779133	105.64594			Nghệ An
PGD Bắc Nghệ An (Minh Khai cũ)	Khối Bắc Mỹ, phường Quỳnh Thiện, thị xã Hoàng Mai, Tỉnh Nghệ An, Việt Nam	18.677105	105.675835			Nghệ An
PGD  Diễn Châu  (Trường Thi cũ)	Thôn 7, xã Diễn Kỷ, Huyện Diễn Châu, Tỉnh Nghệ An, Việt Nam	19.010769	105.587585			Nghệ An
PGD Vinh	Số 22 Quang Trung, phường Quang Trung, Thành Phố Vinh, Tỉnh Nghệ An, Việt Nam	18.672047	105.67472			Nghệ An
CN Thanh Hóa	Số 13+14 Phố Phan Chu Trinh, P.Điện Biên, Thành Phố Thanh Hóa, Tỉnh Thanh Hóa, Việt Nam	19.811817	105.77473			Thanh Hóa
PGD Lam Sơn	Số 448 đường Quang Trung, phường Đông Vệ, Thành Phố Thanh Hóa, Tỉnh Thanh Hóa, Việt Nam	19.787392	105.77679			Thanh Hóa
PGD Đào Duy Từ	LK1-19 Phố Đào Duy Từ, phường Ba Đình, Thành Phố Thanh Hóa, Tỉnh Thanh Hóa, Việt Nam	19.799221	105.774536			Thanh Hóa
PGD Tĩnh Gia	Số 232 Quang Trung, tiểu khu 3, thị trấn Tĩnh Gia,Huyện Tĩnh Gia, Tỉnh Thanh Hóa, Việt Nam	19.445002	105.77722			Thanh Hóa
CN Quảng Bình	Số 352 Trần Hưng Đạo, phường Nam Lý, Thành Phố Đồng Hới, Tỉnh Quảng Bình, Việt Nam	17.467024	106.60577			Quảng Bình
CN Nam Định	Số 08 Nguyễn Du, phường Nguyễn Du, Thành Phố Nam Định, Tỉnh Nam Định, Việt Nam	20.427868	106.17807			Nam Định
PGD Chợ Rồng	Số 97 Thành Chung, phường Cửa Bắc, Thành Phố Nam Định, Tỉnh Nam Định, Việt Nam	20.428713	106.16899			Nam Định
CN Hải Dương 	Số 360 Nguyễn Lương Bằng, Thành Phố Hải Dương, Tỉnh Hải Dương, Việt Nam	20.937277	106.30363			Hải Dương
PGD Điện Biên Phủ	Số 199 Điện Biên Phủ, phường Bình Hàn, Thành Phố Hải Dương, Tỉnh Hải Dương, Việt Nam	20.941525	106.32102			Hải Dương
PGD Thành Đông (PGD Chí Linh cũ)	Số 22 Quang Trung, phường Quang Trung, Thành Phố Hải Dương, Tỉnh Hải Dương, Việt Nam	20.93965	106.33365			Hải Dương
PGD  Trường An	Số 225-227, đường Trường Chinh, phường Thanh Bình, Thành Phố Hải Dương, Tỉnh Hải Dương, Việt Nam	20.927208	106.30451			Hải Dương
CN Hưng Yên	Số 129 Hải Thượng Lãn Ông, phường Hiến Nam, Thành Phố Hưng Yên, Tỉnh Hưng Yên, Việt Nam	20.746454	106.09917			Hưng Yên
CN Thái Bình	Lô 7-8 Trần Phú, phường Trần Hưng Đạo, Thành Phố Thái Bình, Tỉnh Thái Bình, Việt Nam	20.446482	106.32995			Thái Bình
CN Hải Phòng	Số 116 (tầng 2 và tầng 10) Nguyễn Đức Cảnh, Phường Cát Dài, Quận Lê Chân, Thành Phố Hải Phòng, Việt Nam	20.854336	106.67344			Hải Phòng
PGD Hải Đăng	Số 02, lô 22A, Lê Hồng Phong, P.Đông Khê, Quận Ngô Quyền, Thành Phố Hải Phòng, Việt Nam	20.84953	106.70478			Hải Phòng
PGD Ngô Quyền	376 Tô Hiệu, P.Hồ Nam, Quận Lê Chân, Thành Phố Hải Phòng, Việt Nam	20.849754	106.67363			Hải Phòng
PGD Lê Chân	Số 116C Lương Khánh Thiện, P. Lương Khánh Thiện, Quận Ngô Quyền, Thành Phố Hải Phòng, Việt Nam	20.855406	106.68549			Hải Phòng
CN Bắc Ninh	Tầng 1 Tòa nha Viglacera, số 15 Lý Thái Tổ, Thành Phố Bắc Ninh, Tỉnh Bắc Ninh, Việt Nam	21.17719	106.07037			Bắc Ninh
PGD Yên Phong	Số 178 đường 286, thị trấn Chờ, Huyện Yên Phong, Tỉnh Bắc Ninh, Việt Nam	21.195818	105.949295			Bắc Ninh
CN Bắc Giang	Số 772 đường Lê Lợi, Phường Dĩnh Kế, Thành Phố Bắc Giang, Tỉnh Bắc Giang, Việt Nam	21.277584	106.21103			Bắc Giang
CN Quảng Ninh	Số 9A-10A đường 25/4, phường Hồng Gai, Thành Phố Hạ Long, Tỉnh Quảng Ninh, Việt Nam	20.95244	107.077286			Quảng Ninh
PGD Cẩm Phả	Số 402 Trần Phú, phường Cẩm Trung, Thành Phố Cẩm Phả, Tỉnh Quảng Ninh, Việt Nam	21.009903	107.26934			Quảng Ninh
PGD Uông Bí	Số 01 Trần Quốc Toản, tổ 28, khu 8, P.Quang Trung, Thành Phố Uông Bí, Tỉnh Quảng Ninh, Việt Nam	21.030005	106.77267			Quảng Ninh
PGD Mạo Khê	Số 137 đường Hoàng Hoa Thám, Phường Mạo Khê, Thị Xã Đông Triều, Tỉnh Quảng Ninh, Việt Nam	21.057775	106.59569			Quảng Ninh
CN Thái Nguyên	Đường Bắc Sơn, KDC số 01, Phường Hoàng Văn Thụ, Thành Phố Thái Nguyên, Tỉnh Thái Nguyên, Việt Nam	21.594887	105.82854			Thái Nguyên
CN Vĩnh Phúc	Số 3 đường Mê Linh, Phường Liên Bảo, Thành Phố Vĩnh Yên, Tỉnh Vĩnh Phúc, Việt Nam	21.313557	105.59832			Vĩnh Phúc
CN Lạng Sơn	Số 408 Bà Triệu, Phường Vĩnh Trại, Thành phố Lạng Sơn, Tỉnh Lạng Sơn, Việt Nam	21.847286	106.76325			Lạng Sơn
PGD Đồng Đăng	Số 119 Khu Dây Thép, thị trấn Đồng Đăng, Huyện Cao Lộc, Tỉnh Lạng Sơn, Việt Nam	21.950783	106.69548			Lạng Sơn
PGD Hữu Lũng	Số 10A Chi Lăng, Khu An Ninh, thị trấn Hữu Lũng, Huyện Hữu Lũng, Tỉnh Lạng Sơn, Việt Nam	21.506317	106.3443			Lạng Sơn
CN Lào Cai	Số 143 đường Hoàng Liên, P.Cốc Lếu, Thành Phố Lào Cai, Tỉnh Lào Cai, Việt Nam	22.49509	103.96822			Lào Cai
PGD Bắc Cường (Cam Đường cũ)	Số 6 đường Trần Hưng Đạo, phường Bắc Cường,Thành Phố Lào Cai, Tỉnh Lào Cai, Việt Nam	22.475037	103.981476			Lào Cai
PGD Duy Minh	Trung tâm thương mại Thạnh Phú, Số 411/1 Khu phố 1, thị trấn Thạnh Phú, huyện Thạnh Phú, tỉnh Bến Tre	9.952364	106.521545			Bến Tre
PGD Gò Công	số 124-126 đường Trương Định, khu phố 3, phường 2, thị xã Gò Công, tỉnh Tiền Giang	10.36184	106.67383			Tiền Giang
PGD Cái Bè	Số 150 Tỉnh lộ 875, ấp 5, xã Phú An, huyên Cai Lậy, tỉnh Tiền Giang	10.369805	106.0407			Tiền Giang
CN Bạc Liêu	Số 206-208 đường Trần Phú, phường 7, TP. Bạc Liêu, tỉnh Bạc Liêu	9.303747	105.7213			Bạc Liêu
PGD Bình Minh (Bình Tân cũ)	Số 75 Nguyễn Văn Thảnh, Khóm 2, Phường Cái Vồn, thị xã Bình Minh, tỉnh Vĩnh Long	10.068676	105.81303			Vĩnh Long
PGD Bù Đăng	Số 281 Quốc lộ 14, thị trấn Đức Phong, huyện Bù Đăng, tỉnh Bình Phước	11.810976	107.235466			Bình Phước
PGD Chơn Thành	Số 69 Đường 2 tháng 4, KP.3, thị trấn Chơn Thành, huyện Chơn Thành, tỉnh Bình Phước	11.445214	106.61596			Bình Phước
PGD Di Linh	749 Hùng Vương, thị trấn Di Linh, huyên Di Linh, tỉnh Lâm Đồng	11.590952	108.078674			Lâm Đồng
PGD Bảo Lộc	40 Hà Giang, phường Lộc Sơn, thành phố Bảo Lộc, tỉnh Lâm Đồng	11.54291	107.81567			Lâm Đồng
PGD Phan Rí	167 Thống Nhất, dân phố 6, thị trấn Phan Rí Cửa, huyện Tuy Phong, tỉnh Bình Thuận	11.175247	108.56514			Bình Thuận
CN Ninh Thuận	Số 207B Ngô Gia Tự, KP 5, phường Thanh Sơn, TP Phan Rang Tháp Chàm, tỉnh Ninh Thuận	11.569214	108.994865			Ninh Thuận
PGD Tuy An	318-320 Quốc Lộ 1A, thị trấn Chí Thạnh, huyện Tuy An, tỉnh Phú Yên	13.31374	109.21716			Phú Yên
PGD Hòa Hiệp	Đường Hòa Hiệp, phường Hòa Hiệp Trung, thị xã Đông Hòa, tỉnh Phú Yên	12.992347	109.36716			Phú Yên
PGD Sơn Hà	348 đường 17 tháng 3, thị trấn Di Lăng, huyện Sơn Hà, tỉnh Quảng Ngãi	15.043097	108.46981			Quảng Ngãi
PGD Điện Bàn	147 Trần Nhân Tông, phường Vĩnh Điện, thị xã Điện Bàn, tỉnh Quảng Nam	15.890483	108.24861			Quảng Nam
PGD Hương Trà	Số 70 Cách Mạng Tháng 8, phường Tứ Hạ, thị xã Hương Trà, tỉnh Thừa Thiên Huế	16.52423	107.47775			Thừa Thiên Huế
CN Hà Nam	Số PG1-08A VinCom, đường Biên Hòa, Tổ 5, Phường Minh Khai, thành phố Phủ Lý, tỉnh Hà Nam	20.543644	105.91744			Hà Nam
CN Sơn La	Số 457A đường Chu Văn Thịnh, phường Chiềng Lề, thành phố Sơn La, tỉnh Sơn La	21.33928	103.90973			Sơn La
PGD Thuận Thành	Toàn bộ căn nhà tại LK13_1 và một phần căn nhà LK13_2, Khu nhà ở TMDV tổng hợp thị trấn Hồ, huyện Thuận Thành, tỉnh Bắc Ninh	21.063766	106.09535			Bắc Ninh
PGD Sa Pa	Số 417 Điện Biên Phủ, TT Sa Pa, huyện Sa Pa, tỉnh Lào Cai	22.338884	103.85352			Lào Cai
CN Phú Thọ	Số 2191 đường Hùng Vương, phường Gia Cẩm, thành phố Việt Trì, tỉnh Phú Thọ	21.323349	105.38382			Phú Thọ
PGD Ba Đồn	137-139 Hùng Vương, Quảng Long, Quảng Trạch District, tỉnh Quảng Bình, Vietnam.	17.753767	106.41979			Vietnam
PGD Việt Yên	Thôn Vàng, thị trấn Bích Động, huyện Việt Yên, tỉnh Bắc Giang	21.280766	106.08813			Bắc Giang
CN Trà Vinh	Vincom Shophouse PG1-01-02-03 đường Nam Kỳ Khởi Nghĩa, Khóm 3, Phường 2, TP Trà Vinh, tỉnh Trà Vinh	9.935867	106.33698			Trà Vinh
PGD Cai Lậy	Số 2-4-6-8 Đặng Văn Thạnh,  khu phố 1, phường 1, thị xã Cai Lậy, tỉnh Tiền Giang.	10.411139	106.12127			Tiền Giang
PGD Kiến Đức	Số 03 Nguyễn Tất Thành, thị trấn Kiến Đức, huyện Đắk R'Lấp, tỉnh Đắk Nông	11.99669	107.51286			Đắk Nông
PGD Đắk Mil	Số 16 Trần Hưng Đạo, thị trấn Đắk Mil, tỉnh Đắk Nông	12.448708	107.6194			Đắk Nông
PGD Đắk Hà	Số 501 Hùng Vương, thị trấn Đắk Hà, huyện Đắk Hà, tỉnh Kon Tum	14.516335	107.919304			Kon Tum
PGD Sông Hinh	Số 82 Trần Hưng Đạo, khu phố 4, thị trấn Hai Riêng, huyện Sông Hinh, tỉnh Phú Yên	12.981616	108.89949			Phú Yên
PGD Tư Nghĩa	Số 248 Nguyễn Huệ, thị trấn La Hà, huyện Tư Nghĩa, tỉnh Quảng Ngãi	15.089109	108.824234			Quảng Ngãi
PGD Núi Thành	Số 193 Nguyễn Văn Linh, thị trấn Núi Thành, huyên Núi Thành, tỉnh Quảng Nam	15.434785	108.65345			Quảng Nam
CN Quảng Trị	101 Quốc lộ 9, Đông Hà, tỉnh Quảng Trị, Vietnam.	16.811049	107.090065			Vietnam
PGD Bố Trạch	Số 49 Hùng Vương, thị trấn Hoàn Lão, huyện Bố Trạch, tỉnh Quảng Bình	17.583967	106.53504			Quảng Bình
PGD Lệ Thủy	Số 42 Nguyễn Tất Thành, thị trấn Kiến Giang, huyện Lệ Thủy, tỉnh Quảng Bình	17.222805	106.79385			Quảng Bình
PGD Thành Nam	Số 130+132 đường Quang Trung, phường Quang Trung, thành phố Nam Định, tỉnh Nam Định	20.430483	106.1747			Nam Định
PGD Văn Giang	Số 137 đường 179, thị trấn Văn Giang, huyện Văn Giang, tỉnh Hưng Yên.	20.946194	105.940575			Hưng Yên
PGD Khoái Châu (Ân Thi cũ)	Khu Trung tâm thương mại, thôn An Bình,  xã Dân Tiến, huyên Khoái Châu, tỉnh Hưng Yên	20.839563	106.00676			Hưng Yên
PGD Bắc Hưng Yên	Trung tâm thương mại Dịch vụ 2 thuộc dự án Khu nhà ở công nhân, nhà ở thương mại Lạc Hồng - Phố Nối, phường Nhân Hòa, thị xã Mỹ Hào, tỉnh Hưng Yên	20.937002	106.063225			Hưng Yên
PGD Tân Yên	Lô D3, trên mặt đường Cao Kỳ Vân, quy hoạch chi tiết khu dân cư mới, Thị trấn Cao Thượng, huyện Tân Yên, tỉnh Bắc Giang	21.385792	106.12596			Bắc Giang
PGD Phổ Yên	Số 17, Tổ dân phố số 6, phường Ba Hàng, thị xã Phổ Yên, tỉnh Thái Nguyên	21.416605	105.87147			Thái Nguyên
PGD Phúc Yên	Số 1 đường Sóc Sơn, phường Trưng Trắc, thành phố Phúc Yên, tỉnh Vĩnh Phúc	21.236942	105.705696			tỉnh Vĩnh Phúc
CN Cao Bằng	Số 40 phố Kim Đồng, phường Hợp Giang, thành phố Cao Bằng, tỉnh Cao Bằng	22.664867	106.260635			Cao Bằng
CN Tuyên Quang	Số 69 Hà Huy Tâp, phường Phan Thiết, thành phố Tuyên Quang, tỉnh Tuyên Quang	21.817448	105.205086			Tuyên Quang
CN Yên Bái	Số 738 đường Điên Biên, phường Minh Tân, TP.Yên Bái, tỉnh Yên Bái	21.71514	104.902664			Yên Bái
CN Hòa Bình	589 Cù Chính Lan, phường Phương Lâm, thành phố Hòa Bình, tỉnh Hòa Bình	20.818768	105.33905			Hòa Bình
PGD Hóc Môn	98/3 Đường Bà Triệu, Khu phố 1, Thị trấn Hóc Môn, Huyện Hóc Môn, Thành Phố Hồ Chí Minh	10.886891	106.59624			Hồ Chí Minh
PGD Hoa Lư	422 Nguyễn Công Trứ, Phường Ninh Sơn, Thành phố Ninh Bình, Tỉnh Ninh Bình	20.246632	105.985916			Ninh Bình
CN Hậu Giang	100-100A-100B, đường Nguyễn Thái Học, phường 1, TP Vị Thanh, Tỉnh Hậu Giang	9.777981	105.46597			Hậu Giang
PGD Bến Cát	Lô C - ô số 1, KDC Mỹ Phước 4 - Khu A, P.Mỹ Phước, thị xã Bến Cát, Tỉnh Bình Dương	11.146341	106.60005			Bình Dương
PGD Thuận An	45/2 Đường tỉnh 743, Thuận An, Bình Dương, Vietnam	10.982187	106.728264			Vietnam
PGD Tuy Đức	Đắk Búk So, Tuy Đức, Dak Nong, Vietnam	12.222142	107.46769			Vietnam
PGD Đắk Bla	931 Phạm Văn Đồng, phường Trần Hưng Đạo, Kon Tum, tỉnh Kon Tum, Vietnam	14.295167	107.99547			Vietnam
PGD Ninh Phước	Khu phố 4, thị trấn Phước Dân, Phan Rang–Tháp Chàm, tỉnh Ninh Thuận, Vietnam	11.539648	108.932396			Vietnam
PGD Đầm Sen	173 Hòa Bình, phường Hiệp Tân, quận Tân Phú, Thành phố Hồ Chí Minh, Vietnam	10.7709055	106.629395			Vietnam
PGD Minh Diệu	Số 603 Đường Quốc lộ 1A, thị trấn Hoà Bình, huyện Hòa Bình, tỉnh Bạc Liêu, Vietnam	9.2803135	105.62297			Vietnam
PGD Giá Rai	Số 122 Quốc lộ 1A, phường Hộ Phòng, thị xã Giá Rai, tỉnh Bạc Liêu, Việt Nam	9.233295	105.43807			Bạc Liêu
CN Phú Quốc	Số 139 đường Nguyễn Trung Trực, phường Dương Đông, TP. Phú Quốc, tỉnh Kiên Giang, Việt Nam	10.223469	103.96459			Kiên Giang
PGD Hòn Đất	Số 11, Tổ 10, Khu phố Đường Hòn, thị trấn Hòn Đất, huyện Hòn Đất, tỉnh Kiên Giang, Việt Nam	10.185579	104.92896			Kiên Giang
PGD Tắc Vân	Số 666 Đường Quốc lộ 1A, xã Tắc Vân, TP. Cà Mau, tỉnh Cà Mau, Việt Nam	9.166895	105.26587			Cà Mau
PGD Hải Hậu	Số 130+132 đường Quang Trung, phường Quang Trung, thành phố Nam Định, tỉnh Nam Định, Việt Nam	20.430456	106.17471			Nam Định
PGD Diêm Điền	Số 155 đường Nguyễn Đức Cảnh, Tổ dân phố 6, thị trấn Diêm Điền, huyện Thái Thụy, tỉnh Thái Bình, Việt Nam	20.559416	106.56868			Thái Bình
PGD Tiền Hải	Số 38 phố Hùng Thắng, tổ dân phố Hùng Thắng, thị trấn Tiền Hải, huyện Tiền Hải, tỉnh Thái Bình, Việt Nam	20.401487	106.49974			Thái Bình
PGD Từ Sơn	376 Trần Phú, phường Đông Ngàn, thị xã Từ Sơn, tỉnh Bắc Ninh, Việt Nam	21.115925	105.95545			Bắc Ninh
PGD Lục Nam	Số 16 phố Thanh Xuân, thị trấn Đồi Ngô, huyện Lục Nam, tỉnh Bắc Giang, Việt Nam	21.299433	106.384186			Bắc Giang
PGD Yên Lạc	Tòa nhà Kiết Hiền, đường Dương Tĩnh, thị trấn Yên Lạc, huyện Yên Lạc,  tỉnh Vĩnh Phúc, Việt Nam	21.236677	105.5767			tỉnh Vĩnh Phúc
PGD Lập Thạch	Đường tỉnh lộ 307, khu vực Trẻ Gắp, thị trấn Lập Thạch, huyện Lập Thạch, tỉnh Vĩnh Phúc, Việt Nam	21.418222	105.45514			tỉnh Vĩnh Phúc
CN Điện Biên	822 Đường Võ Nguyên Giáp, phường Tân Thanh, Thành phố Điện Biên Phủ, tỉnh Điện Biên, Việt Nam	21.394821	103.01786			Điện Biên
CN Lai Châu	Số 61 đường Đại lộ Lê Lợi, phương Tân Phong, thành phố Lai Châu, tỉnh Lai Châu, Việt Nam	22.384567	103.46881			Lai Châu
PGD Yên Khánh	Số 514-516 , khu phố 3, thị trấn Yên Ninh, huyện Yên Khánh, tỉnh Ninh Bình, Việt Nam	20.178825	106.07284			Ninh Bình
HDBank Hiệp Thành	182-184 Đường Nguyễn Ảnh Thủ, Hiệp Thành, Quận 12, Ho Chi Minh City, Vietnam	10.877032	106.642975			Vietnam
CN Hà Giang	Số 419 Đường Nguyễn Trãi, Phường Nguyễn Trãi, Thành phố Hà Giang, Tỉnh Hà Giang	22.82367	104.98353			Hà Giang
CN Móng Cái	Số 59 Đại lộ Hòa Bình, Phường Trần Phú, Thành phố Móng Cái, Tỉnh Quảng Ninh	21.527409	107.973175			Quảng Ninh
CN Bắc Kạn	Số 35, Đường Trường Chinh, Tổ 5, Phường Phùng Chí kiên, Thành phố Bắc Kạn, Tỉnh Bắc Kạn	22.142002	105.83322			Bắc Kạn
PGD Gia Viễn	Đường Hồng Dân (đường tái định cư, xã Gia Thịnh), Thị trấn Me, huyện Gia Viễn, tỉnh Ninh Bình	20.346907	105.833855			Ninh Bình