name	address	latitude	longitude	phone	workingTime	province
Hội Sở	25 Bis Nguyễn Thị Minh Khai, Quận 1, Thành Phố Hồ Chí Minh, Việt Nam					Hồ Chí Minh
CN Sài Gòn	22-24-26 Pasteur, Phường Nguyễn Thái Bình, Quận 1, Thành Phố Hồ Chí Minh, Việt Nam					Hồ Chí Minh
PGD Cách Mạng Tháng 8	81 Cách Mạng Tháng 8, Phường Bến Thành, Quận 1, Thành Phố Hồ Chí Minh, Việt Nam					Hồ Chí Minh
PGD Nam Kỳ Khởi Nghĩa	215 Nam Kỳ Khởi Nghĩa, Phường 7, Quận 3, Thành Phố Hồ Chí Minh, Việt Nam					Hồ Chí Minh
PGD Huỳnh Tấn Phát	705 Huỳnh Tấn Phát, P. Phú Thuận, Quận 7, Thành Phố Hồ Chí Minh, Việt Nam					Hồ Chí Minh
PGD Phú Mỹ Hưng	1485 Nguyễn Văn Linh, Khu Phố Mỹ Toàn 1, Phường Tân Phong, Quận 7, Thành Phố Hồ Chí Minh, Việt Nam					Hồ Chí Minh
PGD Khánh Hội	173 Đường Khánh Hội, phường 3, Quận 4, Thành Phố Hồ Chí Minh, Việt Nam					Hồ Chí Minh
PGD Bình Điền (Công Lý cũ)	Sảnh văn phòng chợ Bình Điền, Đại lộ Nguyễn Văn Linh, Khu Phố 6, Phường 7, Quận 8, Thành Phố Hồ Chí Minh, Việt Nam					Hồ Chí Minh
CN Phú Nhuận	174 Phan Đăng Lưu, Phường 3, Quận Phú Nhuận, Thành Phố Hồ Chí Minh, Việt Nam					Hồ Chí Minh
PGD Tân Định	156 đường Trần Quang Khải, Phường Tân Định, Quận 1, Thành Phố Hồ Chí Minh, Việt Nam					Hồ Chí Minh
PGD Bạch Đằng	145 Lê Quang Ðinh, Phường 14, Quận Bình Thạnh, Thành Phố Hồ Chí Minh, Việt Nam					Hồ Chí Minh
PGD Lê Quang Định	472 Đường Lê Quang Định, Phường 11, Quận Bình Thạnh, Thành Phố Hồ Chí Minh, Việt Nam					Hồ Chí Minh
PGD Thanh Đa	667 Xô Viết Nghệ Tĩnh, Phường 26, Quận Bình Thạnh, Thành phố Hồ Chí Minh					Hồ Chí Minh
CN Lãnh Binh Thăng	449-451 Lý Thường Kiệt, phường 8, Quận Tân Bình, Thành Phố Hồ Chí Minh, Việt Nam					Hồ Chí Minh
PGD Lạc Long Quân	593 Bình Thới, Phường 10, Quận 11, Thành Phố Hồ Chí Minh, Việt Nam					Hồ Chí Minh
PGD Minh Phụng	169-171 Minh Phụng, Phường 9, Quận 6, Thành Phố Hồ Chí Minh, Việt Nam					Hồ Chí Minh
PGD Hòa Hưng	459 Sư Vạn Hạnh, Phường 12, Quận 10, Thành Phố Hồ Chí Minh, Việt Nam					Hồ Chí Minh
CN Nguyễn Trãi	207-209 Nguyễn Trãi, Phường 2, Quận 5, Thành Phố Hồ Chí Minh, Việt Nam					Hồ Chí Minh
PGD Ngô Gia Tự	187 Ngô Gia Tự, phường 2, Quận 10, Thành phố Hồ Chí Minh, Việt Nam (Tầng 1, tầng 2, tầng 3, tầng 4)					tầng 4)
PGD 3 tháng 2	604 Đường 3 Tháng 2, Phường 14, Quận 10, Thành Phố Hồ Chí Minh, Việt Nam					Hồ Chí Minh
PGD Nam Sài Gòn	123 Đường Số 10,  phường 4, Quận 8, Thành Phố Hồ Chí Minh, Việt Nam					Hồ Chí Minh
PGD Nguyễn Văn Cừ	118-120, Đường Nguyễn Văn Cừ, Phường Nguyễn Cư Trinh, Quận 1, Thành Phố Hồ Chí Minh, Việt Nam					Hồ Chí Minh
PGD Cây Gõ (PGD Kinh Dương Vương cũ)	1172C Đường 3 tháng 2, Phường 12, Quận 11, Thành Phố Hồ Chí Minh, Việt Nam					Hồ Chí Minh
CN Vạn Hạnh	374-374B Võ Văn Tần, Phường 5, Quận 3, Thành Phố Hồ Chí Minh, Việt Nam					Hồ Chí Minh
PGD Tây Sài Gòn (Phú Lâm cũ)	258 đường Vành Đai Trong, Phường Bình Trị Đông B, Quận Bình Tân, Thành Phố Hồ Chí Minh, Việt Nam					Hồ Chí Minh
PGD Nguyễn Hữu Thọ (Bình Hưng cũ)	Số 45, Khu Dân cư Phú Long, Phân Khu số 5, đường Nguyễn Hữu Thọ, xã Phước Kiển, huyện Nhà Bè, TP.HCM					HCM
PGD Thái Sơn	222 Nguyễn Thái Sơn, Phường 4, Quận Gò Vấp, Thành Phố Hồ Chí Minh, Việt Nam					Hồ Chí Minh
PGD Lê Văn Sỹ	185 B-C Đường Lê Văn Sỹ, Phường 14, Quận Phú Nhuận, Thành Phố Hồ Chí Minh, Việt Nam					Hồ Chí Minh
CN Cộng Hòa	18E Cộng Hòa, Phường 04, Quận Tân Bình, Thành Phố Hồ Chí Minh, Việt Nam					Hồ Chí Minh
PGD Nguyễn Oanh	255 A26 Nguyễn Văn Lượng, Phường 10, Quận Gò Vấp, Thành Phố Hồ Chí Minh, Việt Nam					Hồ Chí Minh
PGD Tân Phú	21A Gò Dầu, Phường Tân Quý, Quận Tân Phú , Thành Phố Hồ Chí Minh, Việt Nam					Hồ Chí Minh
PGD Âu Cơ	516 Âu Cơ, Phường 10, Quận Tân Bình, Thành Phố Hồ Chí Minh, Việt Nam					Hồ Chí Minh
PGD Duy Tân	69 Phạm Ngọc Thạch, Phường 6, Quận 3, Thành Phố Hồ Chí Minh, Việt Nam					Hồ Chí Minh
PGD Nguyễn Văn Quá (Trường Chinh cũ)	Số 410A đường Nguyễn Văn Quá, phường Đông Hưng Thuận, quận 12, TP.HCM					HCM
CN TP.Hồ Chí Minh	159 A-B Lê Đại Hành, Phường 13, Quận 11, Thành Phố Hồ Chí Minh, Việt Nam					Hồ Chí Minh
PGD Phan Văn Trị (Phú Thọ cũ)	Số 561 Phan Văn Trị, phường 5, quận Gò Vấp, Thành Phố Hồ Chí Minh, Việt Nam					Hồ Chí Minh
PGD Nguyễn Ảnh Thủ	2C, 12C, 14C, 1515A Nguyễn Ảnh Thủ, Khu Phố 3, Phường. Trung Mỹ Tây, Quận 12, Thành Phố Hồ Chí Minh, Việt Nam					Hồ Chí Minh
PGD Nguyễn Sơn	238 Nguyễn Sơn, Phường Phú Thọ Hòa, Quận Tân Phú, Thành Phố Hồ Chí Minh, Việt Nam					Hồ Chí Minh
PGD Lê Trọng Tấn	445-445A Lê Trọng Tấn, P. Sơn Kỳ, Quận Tân Phú, Thành Phố Hồ Chí Minh, Việt Nam					Hồ Chí Minh
CN Thành phố Thủ Đức (CN Hiệp Phú cũ)	199 Lê Văn Việt, Phường Hiệp Phú, TP. Thủ Đức, TP.HCM					HCM
PGD Nguyễn Duy Trinh	201 Nguyễn Duy Trinh, Phường Bình Trưng Tây, TP.Thủ Đức, Thành Phố Hồ Chí Minh, Việt Nam					Hồ Chí Minh
PGD Linh Đông	226 Tô Ngọc Vân, Phường Linh Đông, Thành phố Thủ Đức, Thành Phố Hồ Chí Minh, Việt Nam					Hồ Chí Minh
PGD Thảo Điền (Cát Lái cũ)	Số 08 đường Nguyễn Văn Hưởng , Phường Thảo Điền, TP. Thủ Đức, TP. Hồ Chí Minh (một phần tầng trệt, 1 phần tầng 1, toàn bộ tầng 2).					toàn bộ tầng 2)
PGD Phước Long	274 - 276 Đỗ Xuân Hợp, Phường Phước Long A, Thành phố Thủ Đức (Q.9 cũ), Hồ Chí Minh, Việt Nam					Hồ Chí Minh
PGD Đông Sài Gòn	280 đường Trần Não, Khu phố 2,  Phường An Khánh, TP. Thủ Đức, Thành phố Hồ Chí Minh					Hồ Chí Minh
CN Nguyễn Đình Chiểu	Số 58 Nguyễn Đình Chiểu, P. Đa Kao, Quận 1, Thành Phố Hồ Chí Minh, Việt Nam					Hồ Chí Minh
CN Hàng Xanh	M03, M04, tầng lửng, văn phòng số 101, 102, 103, 104, tòa nhà Broadcast Điện Biên Phủ, Phường 15, Quận Bình Thạnh, Thành Phố Hồ Chí Minh, Việt Nam					Hồ Chí Minh
PGD Gò Vấp	871 Quang Trung, Phường 12, Quận Gò Vấp, Thành Phố Hồ Chí Minh, Việt Nam					Hồ Chí Minh
PGD Củ Chi (Bình Chiểu cũ)	Số 35-37, tỉnh lộ 8, Khu phố 1, thị trấn Củ Chi, huyên Củ Chi, Thành phố Hồ Chí Minh					Hồ Chí Minh
PGD Nguyễn Thị Định	519 Nguyễn Thị Định, Khu Phố 1, Phường Cát Lái, TP. Thủ Đức, Thành Phố Hồ Chí Minh, Việt Nam					Hồ Chí Minh
PGD Hoàng Diệu	1 Đinh Lễ, Phường 12, Quận 4, Thành Phố Hồ Chí Minh, Việt Nam					Hồ Chí Minh
PGD Bình Thọ	100B Đặng Văn Bi, Phường Bình Thọ,  Thành phố Thủ Đức (Q. Thủ Đức cũ),  Thành phố Hồ Chí Minh					Hồ Chí Minh
PGD Bình Thạnh	Tòa nhà HT Building, Số 132-134 Đường D2, Phường 25, Quận Bình Thạnh, Thành Phố Hồ Chí Minh, Việt Nam					Hồ Chí Minh
CN Gia Định	Tòa nhà Hà Phan 1119 Trần hưng Đạo, Phường 5, Quận 5, Thành Phố Hồ Chí Minh, Việt Nam					Hồ Chí Minh
PGD Khu Nam	Số 39 đường 9A Khu dân cư Trung Sơn, Xã Bình Hưng, Huyện Bình Chánh, Thành Phố Hồ Chí Minh, Việt Nam					Hồ Chí Minh
PGD Chợ Lớn (PGD Bình Phú cũ)	454-456 Hồng Bàng, phường 16, Quận 11, Thành phố Hồ Chí Minh, Việt Nam					Hồ Chí Minh
PGD Tân Bình	151 - 153 đường Nguyễn Hồng Đào, Phường 14, Quận Tân Bình, Thành Phố Hồ Chí Minh, Việt Nam					Hồ Chí Minh
PGD Tạ Uyên	742 -744 Nguyễn Chí Thanh, Phường 4, Quận 11, Thành Phố Hồ Chí Minh, Việt Nam					Hồ Chí Minh
PGD Trương Định	179 Nguyễn Cư Trinh, Phường Nguyễn Cư Trinh, Quận 1, Thành Phố Hồ Chí Minh, Việt Nam					Hồ Chí Minh
PGD Trường Sơn (Bình Thới cũ)	Tòa nhà Thép Toàn Thắng, Số 8A-10A, đường Trường Sơn, Phường 3, Quận Tân Bình, Thành Phố Hồ Chí Minh, Việt Nam					Hồ Chí Minh
CN Long An	112-114-116 đường Nguyễn Văn Tiếp, khu phố 3, thị trấn Bến Lức, huyện Bến Lức, tỉnh Long An, Việt Nam					Long An
PGD Long Hậu	Số MB 101, TTDV KCN Long Hậu, đường Long Hậu-Hiệp Phước, Xã Long Hậu, Huyện Cần Giuộc, Tỉnh Long An, Việt Nam					Long An
PGD Tầm Vu	Số 262 đường Đỗ Tường Phong, Khóm 1, thị trấn Tầm Vu, Huyện Châu Thành , Tỉnh Long An, Việt Nam					Long An
PGD Đức Hòa	Số 162C đường tỉnh 8241, khu Phố 3, Thị trấn Đức Hòa, Huyện Đức Hòa, Tỉnh Long An, Việt Nam					Long An
CN Cần Thơ	162-162b Đường Trần Hưng Đạo, phường An Nghiệp, quận Ninh Kiều, thành phố Cần Thơ, Việt Nam					Cần Thơ
PGD Thốt Nốt (PGD Tân An cũ)	262 Quốc lộ 91, phường Thốt Nốt, quận Thốt Nốt, thành phố Cần Thơ, Việt Nam					Cần Thơ
PGD Ninh Kiều	Số 81A-81B-83 Nguyễn Trãi, P. Tân An, Quận Ninh Kiều, Thành phố Cần Thơ					Cần Thơ
PGD Ô Môn	Khu vực 4, đường 26 tháng 3, phường Châu Văn Liêm, Quận Ô Môn, Thành Phố Cần Thơ, Việt Nam					Cần Thơ
CN An Giang	217 Lý Thái Tổ, tổ 5, nhóm 7, Phường Mỹ Long, Thành Phố Long Xuyên, Tỉnh An Giang, Việt Nam					An Giang
PGD Châu Đốc	163-165 Lê Lợi, tổ 17, Khóm Châu Long, Phường Châu Phú B, Thành Phố Châu Đốc, Tỉnh An Giang, Việt Nam					An Giang
PGD Châu Phú	Số 366 Quốc lộ 91, Tổ 12, ấp Bình Chánh, xã Bình Long, Huyện Châu Phú, Tỉnh An Giang, Việt Nam					An Giang
PGD Thoại Sơn	Số 407 đường Nguyễn Huệ, Thị trấn Núi Sập, Huyện Thoại Sơn, Tỉnh An Giang, Việt Nam					An Giang
CN Bến Tre	Số 72B1, Đại Lộ Đồng Khởi, KP4, phường Phú Khương, Thành Phố Bến Tre, Tỉnh Bến Tre, Việt Nam					Bến Tre
PGD Ba Tri	Số 34 đường 19/5, Khu Phố 2, Thị trấn Ba Tri, Tỉnh Bến Tre					Bến Tre
PGD Mỏ Cày Bắc	Số 67A, tỉnh lộ 882, ấp Phước Hậu, Xã Phước Mỹ Trung, Huyện Mỏ Cày Bắc, Tỉnh Bến Tre, Việt Nam					Bến Tre
CN Tiền Giang	Số 262 , đường Ấp Bắc, Phường 5, TP. Mỹ Tho, tỉnh Tiền Giang					Tiền Giang
CN Sóc Trăng	179-179A Trần Hưng Đạo, Phường 3, Thành Phố Sóc Trăng, Tỉnh Sóc Trăng, Việt Nam					Sóc Trăng
PGD Châu Thành	Số 327 ấp Trà Quýt A, Thị Trấn Châu Thành, Huyện Châu Thành, Tỉnh Sóc Trăng, Việt Nam					Sóc Trăng
PGD  Trần Đề	Số 240 đường Nam Sông Hậu, ấp Đầu Gồng, thị trấn Trần Đề, Huyện Trần Đề, Tỉnh Sóc Trăng, Việt Nam					Sóc Trăng
PGD  Ngã Năm	Số 27-29 đường Mai Thanh Thế, Khóm 1, Phường 1, Thị Xã Ngã Năm, Tỉnh Sóc Trăng, Việt Nam					Sóc Trăng
CN Đồng Tháp	62-64 Lý Thường Kiệt, Phường 2, Thành Phố Cao Lãnh, Tỉnh Đồng Tháp, Việt Nam					Đồng Tháp
PGD Sa Đéc	A8-10 đường Hùng Vương, Khóm 1, Phường 2, Thành Phố Sa Đéc, Tỉnh Đồng Tháp, Việt Nam					Đồng Tháp
PGD Tháp Mười	Số 118 đường Hùng Vương, Khóm 4, Thị Trấn Mỹ An, Huyện Tháp Mười, Tỉnh Đồng Tháp, Việt Nam					Đồng Tháp
PGD Hồng Ngự	Số 85-87 đường Lê Hồng Phong, Phường An Thạnh, Thị xã Hồng Ngự, Tỉnh Đồng Tháp, Việt Nam					Đồng Tháp
CN Kiên Giang	Lô A7-63+64 Ba Tháng Hai, Phường Vĩnh Bảo, Thành Phố Rạch Giá, Tỉnh Kiên Giang, Việt Nam					Kiên Giang
PGD An Biên (Kiên Lương cũ)	Số 58B, tổ 1, Khu phố 5, thị trấn Thứ Ba, Huyện An Biên, Tỉnh Kiên Giang, Việt Nam					Kiên Giang
PGD Minh Lương (Rạch Sỏi cũ)	Số 589, đường Quốc lộ 61, KP Minh Phú, TT Minh Lương, Huyện Châu Thành, Tỉnh Kiên Giang, Việt Nam					Kiên Giang
PGD Phú Quốc	Số 50, đường 30/4, khu phố 1, phường Dương Đông, TP Phú Quốc, Tỉnh Kiên Giang, Việt Nam					Kiên Giang
CN Vĩnh Long	Số 138 Phạm Thái Bường, Khóm 1, Phường 4, Thành Phố Vĩnh Long, Tỉnh Vĩnh Long, Việt Nam					Vĩnh Long
PGD Vũng Liêm	Số 160N, Đường Nam Kỳ Khởi Nghĩa, Khóm 2, Thị Trấn Vũng Liêm, Huyện Vũng Liêm, Tỉnh Vĩnh Long, Việt Nam					Vĩnh Long
PGD Tam Bình (Mỹ Thuận cũ)	Số 24 đường Phan Văn Đáng, Khóm 1, Thị trấn Tam Bình, Huyện Tam Bình, Tỉnh Vĩnh Long, Việt Nam					Vĩnh Long
CN Cà Mau	138A -138B Ngô Quyền, Phường 9, Thành Phố Cà Mau, Tỉnh Cà Mau, Việt Nam					Cà Mau
PGD Minh Hải (Sông Đốc cũ)	Số 66 đường Trần Hưng Đạo, phường 5, Thành Phố Cà Mau, Tỉnh Cà Mau					Cà Mau
PGD Tắc  Vân (Minh Hải cũ)	Số 666 đường Quốc lộ 1A, xã Tắc Vân, Thành Phố Cà Mau, Tỉnh Cà Mau					Cà Mau
PGD Năm Căn	Số 221 đường Hùng Vương, khóm 7, thị trấn Năm Căn, Huyện Năm Căn, Tỉnh Cà Mau					Cà Mau
CN Bình Dương	558 Đại Lộ Bình Dương, Thành Phố Thủ Dầu Một, Tỉnh Bình Dương, Việt Nam					Bình Dương
PGD Dĩ An	90 đường Dĩ An-Truông Tre, Khu Phố Bình Minh 2, Phường Dĩ An, Huyện Dĩ An, Tỉnh Bình Dương, Việt Nam					Bình Dương
PGD Bến Cát (Sở Sao cũ)	Lô C, Ô số 1, KDC Mỹ Phước 4 - Khu A, phường Mỹ Phước, thị xã Bến Cát, tỉnh Bình Dương, Việt Nam					Bình Dương
PGD Thủ Dầu Một	Lô B, ô 1 và ô 2, KP chợ Đinh Bộ Lĩnh, Phường Phú Cường, Thành Phố Thủ Dầu Một, Tỉnh Bình Dương, Việt Nam					Bình Dương
PGD Bình An	Thửa đất số 4011, tờ bản đồ số 2BA.3, số vào sổ cấp GNN:CT03772, KP Nội Hóa 2, Phường Bình An, Thị Xã Dĩ An, Tỉnh Bình Dương, Việt Nam					Bình Dương
PGD Bàu Bàng (Cổng Xanh-Phú Cường cũ)	Đường D1-5A tổ 14, ấp Đồng Sổ, Xã Lai Uyên, Huyện Bàu Bàng, Tỉnh Bình Dương, Việt Nam					Bình Dương
PGD Lái Thiêu	Số 66 đường Nguyễn Văn Tiết, khu Phố Đông Tư, phường Lái Thiêu, Thị Xã Thuận An, Tỉnh Bình Dương, Việt Nam					Bình Dương
CN Đồng Nai	208D Phạm Văn Thuận, Phường Tân Tiến, Thành phố Biên Hòa, Tỉnh Đồng Nai, Việt Nam					Đồng Nai
PGD Thanh Bình	L1-3, L1-4 KDC Phú Gia, đường Nguyễn Khuyến, Thành Phố Biên Hòa, Tỉnh Ðồng Nai, Việt Nam					Ðồng Nai
PGD Amata (Long Bình Tân cũ)	50-52 Ðồng Khởi, KP.4, P. Tân Hiệp, Thành Phố Biên Hòa, Tỉnh Ðồng Nai, Việt Nam					Ðồng Nai
PGD Tân Biên	388, Đường Nguyễn Ái Quốc, Khu Phố 9, Phường Hố Nai, Thành Phố Biên Hòa, Tỉnh Ðồng Nai, Việt Nam					Ðồng Nai
PGD Tân Hiệp	433-435 Đường Đồng Khởi, Tân Hiệp, Thành Phố Biên Hòa, Tỉnh Ðồng Nai, Việt Nam					Ðồng Nai
PGD Hố Nai	A3-A8, quốc lộ 1A, khu phố 5B, phường Tân Biên, Thành phố Biên Hòa, Tỉnh Đồng Nai, Việt Nam					Đồng Nai
PGD Tam Hiệp	151/2 KP4, Tam Hiệp, Thành Phố Biên Hòa, Tỉnh Đồng Nai, Việt Nam					Đồng Nai
PGD Long Khánh (Xuân Hòa cũ)	520 Hùng Vương, Phường Xuân Hòa, Thị xã Long Khánh, Tỉnh Đồng Nai, Việt Nam					Đồng Nai
PGD Trảng Bom	B4, B5 - Khu nhà ở Bắc, Huyện Trảng Bom, Tỉnh Đồng Nai, Việt Nam					Đồng Nai
PGD Quang Vinh	19/1 ấp Đồng Nai, Xã Hóa An, Thành Phố Biên Hòa, Tỉnh Ðồng Nai, Việt Nam					Ðồng Nai
CN SGD Đồng Nai	294-296 Khu Phố 1, Cách Mạng Tháng Tám, Quang Vinh, Thành Phố Biên Hòa, Tỉnh Ðồng Nai, Việt Nam					Ðồng Nai
PGD Quyết Thắng	Tầng trệt, Block B, Cao ốc Pegasus Plaza, số 53-55, đường Võ Thị Sáu, Phường Quyết Thắng, Thành Phố Biên Hòa, Tỉnh Ðồng Nai, Việt Nam					Ðồng Nai
PGD Bửu Long	3/6C, KP2, Bửu Long, Thành Phố Biên Hòa, Tỉnh Ðồng Nai, Việt Nam					Ðồng Nai
PGD Tân Phong	348C Nguyễn Ái Quốc, phường Tân Tiến, Thành Phố Biên Hòa, Tỉnh Đồng Nai					Đồng Nai
PGD Tân Mai	1/20 tổ 3, KP7, Tân Mai, Thành Phố Biên Hòa, Tỉnh Ðồng Nai, Việt Nam					Ðồng Nai
PGD Bình Sơn (Đồng Khởi cũ)	Đường DT769, ấp 8, xã Bình Sơn, Huyện Long Thành, Tỉnh Ðồng Nai, Việt Nam					Ðồng Nai
PGD Thạnh Phú	459A, tỉnh lộ 768, ấp 1, xã Thạnh Phú, Huyện Vĩnh Cửu, Tỉnh Đồng Nai, Việt Nam					Đồng Nai
PGD Tân Hòa	58/1 - 60/1 Quốc lộ 1A, khu phố 2, phường Tân Hòa, Thành Phố Biên Hòa,  Tỉnh Đồng Nai, Việt Nam					Đồng Nai
PGD Vĩnh An	Khu phố 5, thị trấn Vĩnh An, TT. Vĩnh An, Huyện Vĩnh Cửu,  Tỉnh Đồng Nai, Việt Nam					Đồng Nai
PGD Tam Phước	246B Long Đức 1, Tam Phước, Huyện Long Thành,  Tỉnh Đồng Nai, Việt Nam					Đồng Nai
PGD Long Bình	351 Quốc lộ 51, khu phố 1, phường Long Bình Tân, Thành phố Biên Hòa, Tỉnh Đồng Nai, Việt Nam					Đồng Nai
PGD Nhơn Trạch	Số 357, đường Hùng Vương, Ấp 3, xã Hiệp Phước, Huyện Nhơn Trạch, Tỉnh Đồng Nai, Việt Nam					Đồng Nai
PGD Long Thành	260 Lê Duẩn, Khu Văn Hải, Thị Trấn Long Thành, Huyện Long Thành, Tỉnh Đồng Nai, Việt Nam					Đồng Nai
PGD Định Quán	193 Quốc lộ 20, ấp Hiệp Quyết, TX Định Quán, Huyện Định Quán, Tỉnh Đồng Nai, Việt Nam					Đồng Nai
PGD Phương Lâm	2117 QL20 Ấp Phương Lâm 1, Xã Phú Lâm, Huyện Tân Phú, Tỉnh Đồng Nai, Việt Nam					Đồng Nai
PGD Gia Ray	362 Trần Phú, KP3, TT Gia Ray, Huyện Xuân Lộc, Tỉnh Đồng Nai, Việt Nam					Đồng Nai
PGD Thống Nhất	A2/063, quốc lộ 20, ấp Bắc Sơn, xã Quang Trung, Huyện Thống Nhất, tỉnh Đồng Nai					Đồng Nai
PGD Sông Ray	Ấp 5, xã Sông Ray, Huyện Cẩm Mỹ, Tỉnh Đồng Nai, Việt Nam					Đồng Nai
PGD Phước Bình (Long Khánh cũ)	Tổ 5, ấp 2, QL51, Xã Phước Bình, Huyện Long Thành, Tỉnh Đồng Nai, Việt Nam					Đồng Nai
PGD Xuân An	KP1, Hùng Vương, P. Xuân Bình, Thị Xã Long Khánh, Tỉnh Đồng Nai, Việt Nam					Đồng Nai
PGD Đông Hòa	Số 12 khu 6, ấp Bàu Cá, xã Trung Hòa, Huyện Trảng Bom, Tỉnh Đồng Nai, Việt Nam					Đồng Nai
PGD Hố Nai 3	Ấp Thanh Hóa Quốc Lộ 1A, Hố Nai 3, Huyện Trảng Bom, Tỉnh Đồng Nai, Việt Nam					Đồng Nai
CN Vũng Tàu	63 Lê Hồng Phong, phường 7, Thành Phố Vũng Tàu, Tỉnh Bà Rịa - Vũng Tàu, Việt Nam					Vũng Tàu
PGD Lý Thường Kiệt	179A-181A Nam Kỳ Khởi Nghĩa, Phường 3, Thành Phố Vũng Tàu, Tỉnh Bà Rịa - Vũng Tàu, Việt Nam					Vũng Tàu
PGD Phước Tĩnh	Số 10 Tổ 2 Ấp Phước Lâm, Phường Phước Tỉnh, Huyện Long Điền, Tỉnh Bà Rịa Vũng Tàu, Việt Nam					Bà Rịa Vũng Tàu
PGD Bà Rịa	267 Cách Mạng Tháng 8, Phường Phước Hưng, Thị xã Bà Rịa, Tỉnh Bà Rịa Vũng Tàu, Việt Nam					Bà Rịa Vũng Tàu
PGD Châu Đức	số 307 Hùng Vương, KP 2, Thị Trấn Ngãi Giao,  Huyện Châu Đức, Tỉnh Bà Rịa - Vũng Tàu, Việt Nam					Vũng Tàu
PGD Rạch Dừa ( Lê Hồng Phong cũ)	Số 213-215 Đường 30/04 Phường Thống Nhất, Thành Phố Vũng Tàu, Tỉnh Bà Rịa - Vũng Tàu, Việt Nam					Vũng Tàu
CN Tây Ninh	440, Đường 30 tháng 4. Khu phố 1, Phường 3, TP Tây Ninh, Tỉnh Tây Ninh					Tây Ninh
PGD Tân Châu	Số 105-107 Trần Văn Trà, thị trấn Tân Châu, Huyện Tân Châu, tỉnh Tây Ninh, Việt Nam					Tây Ninh
PGD Xa Mát	Số 12 Nguyễn Văn Linh, thị trấn Tân Biên, Huyện Tân Biên, Tỉnh Tây Ninh, Việt Nam					Tây Ninh
PGD Trảng Bàng (Gò Dầu cũ)	Số 22 Quốc lộ 22, tổ 1, khu Phố Gia Huỳnh, thị trấn Trảng Bàng, Huyện Trảng Bàng , Tỉnh Tây Ninh, Việt Nam					Tây Ninh
CN Bình Phước	Số 672 Quốc Lộ 14, Phường Tân Phú, Thị Xã Đồng Xoài, Tỉnh Bình Phước, Việt Nam					Bình Phước
PGD Thác Mơ	Đường Nguyễn Tất Thành (ĐT 741 cũ), KP5, phường Long Phước, Thị Xã Phước Long, Tỉnh Bình Phước, Việt Nam					Bình Phước
CN Lâm Đồng	1/23 Trần Phú, Phường 4, Thành Phố Đà Lạt, Tỉnh Lâm  Đồng, Việt Nam					Lâm  Đồng
PGD Đức Trọng	Số 546 Quốc lộ 20, tổ dân Phố 29, thị trấn Liên Nghĩa, Huyện Đức Trọng, Tỉnh Lâm Đồng, Việt Nam					Lâm Đồng
CN Đăk Lăk	Số 10 Trần Hưng Đạo, phường Thắng Lợi, Thành Phố Buôn Ma Thuột, Tỉnh Đắk Lắk, Việt Nam					Đắk Lắk
PGD Krông Buk	Thôn Tân Lập, xã Pơng Drang, Huyện Krông Buk, Tỉnh Đắk Lắk, Việt Nam					Đắk Lắk
PGD Cư Kuin	Thôn 2, Xã Ea Ktur, Huyện Cư Kuin, Tỉnh Đắk Lắk, Việt Nam					Đắk Lắk
PGD Ea H'Leo	Số 412 đường Giải Phóng,thị trấn Ea Drăng, Huyện Ea H'Leo, Tỉnh Đắk Lắk, Việt Nam					Đắk Lắk
CN Đăk Nông	Số 354 Tôn Đức Thắng, phường Nghĩa Thành, Thị xã Gia Nghĩa, Tỉnh Đăk Nông, Việt Nam					Đăk Nông
CN Gia Lai	182 Nguyễn Tất Thành, phường Phù Đổng, TP. Pleiku , tỉnh Gia Lai, Việt Nam					Gia Lai
PGD An Khê (Pleiku cũ)	Số 1063 Quang Trung, phường An Phú, thị xã An Khê, Tỉnh Gia Lai, Việt Nam					Gia Lai
PGD Đak Đoa	Số 297-299 Nguyễn Huệ, tổ dân Phố 3, thị trấn Đak Đoa, Huyện Đak Đoa, Tỉnh Gia Lai, Việt Nam					Gia Lai
PGD Chư Sê	Số 807B Hùng Vương, thị trấn Chư Sê, Huyện Chư Sê, Tỉnh Gia Lai, Việt Nam					Gia Lai
CN Kon Tum	556A Trần Phú, Phường Quyết Thắng, Thành Phố Kon Tum, Tỉnh Kon Tum, Việt Nam					Kon Tum
PGD Ngọc Hồi	Số 843 Hùng Vương, tổ dân Phố 2, thị trấn Plei Kần, Huyện Ngọc Hồi, Tỉnh Kon Tum, Việt Nam					Kon Tum
CN Bình Thuận	119 Trần Hưng Đạo, Phường Phú Thủy, Thành Phố Phan Thiết, Tỉnh Bình Thuận, Việt Nam					Bình Thuận
PGD Hàm Thuận Nam	Khu Phố Lập Hòa, thị trấn Thuận Nam, huyện Hàm Thuận Nam, Tỉnh Bình Thuận, Việt Nam					Bình Thuận
PGD Đức Linh	Số 15A đường ĐT 766, thôn 4, xã Đức Hạnh, Huyện Đức Linh, Tỉnh Bình Thuận, Việt Nam					Bình Thuận
CN Nha Trang	Toà nhà Ariyana Smart Condotel, 18 Trần Hưng Đạo, Phường Lộc Thọ, Thành Phố Nha Trang, Tỉnh Khánh Hòa, Việt Nam					Khánh Hòa
PGD Chợ Mới	22 Đường 23/10, Phường Ngọc Hiệp, Thành Phố Nha Trang, Tỉnh Khánh Hòa, Việt Nam					Khánh Hòa
PGD Cam Ranh	Số 109 Đại lộ Hùng Vương (Quốc lộ 1A), phường Cam Lợi, Thành Phố Cam Ranh, tỉnh Khánh Hòa, Việt Nam					Khánh Hòa
PGD Trung Tâm	Số 100 Hoàng Văn Thụ, Phường Vạn Thắng, Thành Phố Nha Trang, Tỉnh Khánh Hòa, Việt Nam					Khánh Hòa
CN Phú Yên	Số 355-357 Nguyễn Huệ, phường 5, thành phố Tuy Hòa, tỉnh Phú Yên					Phú Yên
CN Bình Định	89 - 91 Mai Xuân Thưởng, Thành Phố Quy Nhơn, Tỉnh Bình Định, Việt Nam					Bình Định
PGD An Nhơn	Số  146-148 Ngô Gia Tự, phường Bình Định, Thị Xã An Nhơn, Tỉnh Bình Định, Việt Nam					Bình Định
PGD Tây Sơn (Diêu Trì cũ)	Số 2B Nguyễn Huệ, thị trấn Phú Phong, Huyện Tây Sơn, Tỉnh Bình Định, Việt Nam					Bình Định
PGD Bồng Sơn	Số 221-223 Quang Trung, Thị trấn Bồng Sơn, Huyện Hoài Nhơn, Tỉnh Bình Định, Việt Nam					Bình Định
CN Quảng Ngãi	219- 221 Quang Trung, Phường Lê Hồng Phong, Thành Phố Quảng Ngải, Tỉnh Quảng Ngãi, Việt Nam					Quảng Ngãi
PGD Đức Phổ	Số 310 Nguyễn Nghiêm, Thị trấn Đức Phổ, Huyện Đức Phổ, Tỉnh Quảng Ngãi, Việt Nam					Quảng Ngãi
CN Quảng Nam	244 Lý Thường Kiệt, Phường Sơn Phong, Thành Phố Hội An, Tỉnh Quảng Nam, Việt Nam					Quảng Nam
PGD Tam Kỳ	Số 237-239 Phan Châu Trinh, phường Phước Hòa, Thành Phố Tam Kỳ, Tỉnh Quảng Nam, Việt Nam					Quảng Nam
CN Đà Nẵng	191 Lê Lợi, Phường Hải Châu 1, Quận Hải Châu, Thành Phố Đà Nẵng, Việt Nam					Đà Nẵng
PGD Lê Duẩn	185 Đống Đa, P.Thạch Thang, Quận Hải Châu, Thành Phố Đà Nẵng, Việt Nam					Đà Nẵng
PGD Hải Châu	Lô 500A Điện Biên Phủ,Phường Hoà Khê, Quận Thanh Khê, Thành Phố Đà Nẵng, Việt Nam					Đà Nẵng
PGD Hòa Cường	376 Núi Thành, P.Hòa Cường, Quận Hải Châu, Thành Phố Đà Nẵng, Việt Nam					Đà Nẵng
PGD Nguyễn Văn Linh	150-152 Nguyễn Văn Linh, Quận Thanh Khê, Thành Phố Đà Nẵng, Việt Nam					Đà Nẵng
CN Huế	41-43 Bến Nghé, Phường Phú Hộ, Thành Phố Huế, Thành Phố Huế, Việt Nam					Huế
PGD Bắc Sông Hương	Số 81 đường Mai Thúc Loan, Phường Thuận Thành, Thành Phố Huế, Tỉnh Thừa Thiên Huế, Việt Nam					Thừa Thiên Huế
PGD Hương Thủy	Số 153 Nguyễn Tất Thành, phường Thùy Dương, Thị Xã Hương Thủy, Tỉnh Thừa Thiên Huế, Việt Nam					Thừa Thiên Huế
VPĐD Khu Vực Phía Bắc	Tầng 9 - Số 32 Trần Hưng Đạo, phường Phan Châu Trinh, Quận Hoàn Kiếm, Thành Phố Hà Nội, Việt Nam					Hà Nội
CN Hà Nội	302 Phố Kim Mã, Ngọc Khánh, Ba Đình, Hanoi, Vietnam					Vietnam
PGD Hồng Hà	6-8 đường Lê Văn Linh, phường Hàng Mã, Quận Hoàn Kiếm, Thành Phố Hà Nội, Việt Nam (tầng 1 & tầng 2)					Hà Nội
PGD Hai Bà Trưng	183 Bà Triệu, phường Lê Đại Hành, Quận Hai Bà Trưng, Thành Phố Hà Nội, Việt Nam					Hà Nội
PGD Đống Đa	Căn nhà liền kề LK11A-01, Khu đo thị mới Mỗ Lao, phường Mộ Lao, quận Hà Đông					quận Hà Đông
PGD Linh Đàm 	BT1 ô số 07 khu nhà ở Bắc Linh Đàm-Nguyễn Hữu Thọ, Phường Đại Kim, Quận Hoàng Mai, Thành Phố Hà Nội, Việt Nam					Hà Nội
PGD Hoàng Văn Thái	142 Hoàng Văn Thái, Phường Khương Mai, Quận Thanh Xuân, Thành Phố Hà Nội					Hà Nội
PGD Hà Thành	288 Lạc Trung, Phường Vĩnh Tuy, quận Hai Bà Trưng, thành Phố Hà Nội, Việt Nam					Hà Nội
PGD Văn Quán (Vạn Xuân cũ)	Số 54 Nguyễn Khuyến, Phường Văn Quán, Quận Hà Đông, Thành Phố Hà Nội, Việt Nam					Hà Nội
PGD Đông Đô	T.1&T.2, số 81+83, tổ 9 (nay là tổ 4), thị trấn Đông Anh, huyện Đông Anh, Thành Phố Hà Nội, Việt Nam					Hà Nội
PGD Nam Đô	Tầng 1-2-3, căn A6+A7 Số 257 Giải phóng, phường Phương Mai, Quận Đống Đa, Thành Phố Hà Nội, Việt Nam (Địa chỉ giao dịch: 46 Phố Vọng, phường Phương Mai, Quận Đống Đa, Thành Phố Hà Nội)					Hà Nội)
PGD Kinh Đô	Số 40 đường Kim Đồng, phường Giáp Bát, quận Hoàng Mai, Thành Phố Hà Nội, Việt Nam					Hà Nội
PGD Thành Công	101 và 201-C18 Nguyên Hồng, Phường Láng Hạ, Quận Đống Đa, Thành Phố Hà Nội, Việt Nam					Hà Nội
PGD Thượng Đình	Tầng 1 Tòa Nhà Nam Anh, số 68 Ngõ 116 Nhân Hòa, phường Nhân Chính,  Quận Thanh Xuân, Thành Phố Hà Nội, Việt Nam					Hà Nội
PGD Hoàng Mai 	86 Võ Thị Sáu, Thanh Nhàn, Hai Bà Trưng, Quận Hoàn Kiếm, Thành Phố Hà Nội, Việt Nam					Hà Nội
PGD Yên Thái	Số 392 Thụy Khuê, phường Bưởi, Quận Tây Hồ, Thành Phố Hà Nội, Việt Nam					Hà Nội
CN Hoàn Kiếm	32 Trần Hưng Đạo, Phường Phan Chu Trinh, Quận Hoàn Kiếm, Thành Phố Hà Nội, Việt Nam					Hà Nội
PGD Thành Đô (Thái Thịnh cũ)	Số 20 tập thể T579C Phố Hào Nam, Phường Ô Chợ Dừa, Quận Đống Đa, Thành Phố Hà Nội, Việt Nam					Hà Nội
PGD Hà Đông	Ô số 5, lô biệt thự BT1, khu đô thị Văn Phú, Quận Hà Đông, Thành Phố Hà Nội, Việt Nam					Hà Nội
PGD Thủ Đô	Số 690 đường Lạc Long Quân, Phường Nhật Tân, Quận Tây Hồ, Thành Phố Hà Nội, Việt Nam					Hà Nội
PGD Trần Hưng Đạo	33 Tràng Thi, Phường Trần Hưng Đạo, Quận Hoàn Kiếm , Thành Phố Hà Nội, Việt Nam					Hà Nội
PGD Gia Lâm (Tràng Tiền cũ)	Số 111 đường Ngô Xuân Quảng, thị trấn Trâu Quỳ, Huyện Gia Lâm, Thành Phố Hà Nội, Việt Nam					Hà Nội
PGD Phan Đình Phùng (Nguyễn Trường Tộ cũ)	Số 37B+37C phố Phan Đình Phùng, phường Quán Thánh, Quận Ba Đình, Thành Phố Hà Nội, Việt Nam					Hà Nội
PGD Triều Khúc	Thôn Triều Khúc, xã Tân Triều, Huyện Thanh Trì, Thành Phố Hà Nội, Việt Nam					Hà Nội
PGD Lê Thanh Nghị 	Số 142 Nguyễn An Ninh, Phường Tương Mai, Quận Hoàng Mai, Thành Phố Hà Nội, Việt Nam					Hà Nội
PGD Long Biên	Ngõ 562 Nguyễn Văn Cừ, Phường Gia Thụy, Quận Long Biên, Thành Phố Hà Nội, Việt Nam					Hà Nội
PGD Tràng An	LKA12 Dự án khu nhà ở thấp tầng A1TT1, phường Xuân Tân, Q Bắc Từ Liêm, TP.Hà Nội					Hà Nội
PGD Nam Hà Nội	224 Phố Ga, Thị trấn Thường Tín, Huyện Thường Tín, Thành phố Hà Nội, Việt Nam					Hà Nội
CN Ba Đình	243A, Đê La Thành, Láng Thượng, Quận Đống Đa, Thành Phố Hà Nội, Việt Nam					Hà Nội
PGD Tây Đô	Số 11 đường Nguyễn Văn Huyên kéo dài, tổ 22, phương Quan Hoa, Quận Cầu Giấy , Thành Phố Hà Nội, Việt Nam					Hà Nội
PGD Trung Hòa	80 Trung Kính, Phường Yên  Hoà, Quận Cầu Giấy, Thành Phố Hà Nội, Việt Nam					Hà Nội
PGD Tây Hồ	22 Xuân La, Phường Xuân La, Quận Tây Hồ, Thành Phố Hà Nội, Việt Nam					Hà Nội
PGD Kim Liên (PGD Hoài Đức cũ)	Số 59 Xã Đàn, phường Phương Liên, Quận Đống Đa, Thành Phố Hà Nội, Việt Nam					Hà Nội
PGD Tây Hà Nội	138 Hoàng Quốc Việt, Nghĩa Tân,Quận Cầu Giấy, Thành Phố Hà Nội, Việt Nam					Hà Nội
PGD Cầu Giấy	12 Trương Công Giai, Phường Dịch Vọng, Quận Cầu Giấy, Thành Phố Hà Nội, Việt Nam					Hà Nội
PGD Thanh Xuân	144 Khuất Duy Tiến, Quận Thanh Xuân, Thành Phố Hà Nội, Việt Nam					Hà Nội
PGD Mỹ Đình 1	Số B2-09 Khu chức năng đô thị Thành phố Xanh, phường Cầu Diễn, quận Nam Từ Liêm, Thành Phố Hà Nội, Việt Nam					Hà Nội
PGD Trung Yên	17 Lô 14A, KĐT Trung Yên, Phường Trung Hòa, Quận Cầu Giấy, Thành Phố Hà Nội, Việt Nam					Hà Nội
PGD Mỹ Đình 2	Lô 117 Kiểu nhà 1B khu nhà ở thấp tầng TT3, TDP Số 4 Phường Mỹ Đình 1, Quận Nam Từ Liêm, Thành Phố Hà Nội, Việt Nam					Hà Nội
PGD Từ Liêm	Tổ dân Phố số 8 Tu Hoàng, phường Phương Canh, Quận Nam Từ Liêm, Thành Phố Hà Nội, Việt Nam					Hà Nội
CN Hùng Vương	Số 23 Duy Tân, phường Mỹ Đình 2, Quận Nam Từ Liêm, Thành Phố Hà Nội, Việt Nam (Một phần tầng 1&2)					Hà Nội
PGD Bắc An Khánh (Nguyễn Chí Thanh cũ)	Tầng 1-Zone A1, Tòa nhà 101 Khu chung cư, Khu đô thị Splendora, Bắc An Khánh, Thành Phố Hà Nội, Việt Nam					Hà Nội
PGD Trần Duy Hưng	Tầng 1 Tòa Nhà CT3, phường Trung Hòa,  Quận Cầu Giấy, Thành Phố Hà Nội, Việt Nam					Hà Nội
PGD Hạ Đình  (Ô Chợ Dừa cũ)	Tầng 1+2, số 109 Nguyễn Xiển, Phường Hạ Đình, Quận Thanh Xuân, Thành Phố Hà Nội, Việt Nam					Hà Nội
PGD Quang Trung	Lô T1-03, tầng 1, tòa nhà CT2, chung cư Ngô Thì Nhậm, Phường Hà Cầu, Quận Hà Đông, Thành Phố Hà Nội, Việt Nam					Hà Nội
PGD Mỹ Đình	01 Lê Đức Thọ, Phương Mai Dịch, Quận Cầu Giấy, Thành Phố Hà Nội, Việt Nam					Hà Nội
CN Hồ Gươm	Số 66 Lê Văn Lương, Phường Nhân Chính, Quận Thanh Xuân, Thành Phố Hà Nội, Việt Nam					Hà Nội
PGD Hà Huy Tâp	Số 547 Ngô Gia Tự, Đức Giang, Quận Long Biên, Thành Phố Hà Nội, Việt Nam					Hà Nội
PGD Vĩnh Tuy (Hàng Buồm cũ)	Số 222 Phố Dương Văn Bé, Phường Vĩnh Tuy, Quận Hai Bà Trưng, thành phố Hà Nội, Việt Nam					Hà Nội
PGD Nguyễn Khang (Bắc Linh Đàm cũ)	Số 78 Nguyễn Khang, Phường Yên Hoà, Quận Cầu Giấy, Thành Phố Hà Nội, Việt Nam					Hà Nội
PGD Yên Phụ	Số 45 đường Âu Cơ, Phường Quảng An, quận Tây Hồ, thành phố Hà Nội, Việt Nam					Hà Nội
PGD Sài Đồng (Lạc Trung cũ)	Số 66 Sài Đồng, Phường Sài Đồng, Quận Long Biên, Thành Phố Hà Nội, Việt Nam					Hà Nội
PGD Tương Mai (Khâm Thiên cũ)	154 phố Tân Mai, phường Tương Mai, quận Hoàng Mai, Thành Phố Hà Nội, Việt Nam					Hà Nội
PGD Lương Định Của	Số 02, ngõ 11+13 Lương Định Của, Phường Kim Liên, Quận Đống Đa, Thành Phố Hà Nội, Việt Nam					Hà Nội
PGD Ngọc Thụy  (Nguyễn Lương Bằng cũ)	Số 246 Ngọc Thuỵ, Phường Ngọc Thuỵ Quận Long Biên , Thành Phố Hà Nội, Việt Nam					Hà Nội
PGD Thái Thịnh	61 Phố Thái Thịnh,tổ 13b, Phường Thịnh Quang, Quận Đống Đa, Thành Phố Hà Nội, Việt Nam					Hà Nội
CN Ninh Bình	Số 67 đường Lương Văn Tụy, Phố Phúc Tân, phường Phúc Thành, Thành Phố Ninh Bình, Tỉnh Ninh Bình, Việt Nam					Ninh Bình
CN Hà Tĩnh	Số 70 Phan Đình Phùng, Phường Bắc Hà, Thành Phố Hà Tĩnh, Tỉnh Hà Tĩnh, Việt Nam					Hà Tĩnh
PGD Vũng Áng	Thôn Liên Giang, Xã Kỳ Long, Huyện Kỳ Anh, Tỉnh Hà Tĩnh, Việt Nam					Hà Tĩnh
PGD Lộc Hà	Đường 22.12, thôn Hồng Lạc, xã Thạch Châu, Huyện Lộc Hà, Tỉnh Hà Tĩnh, Việt Nam					Hà Tĩnh
PGD Hương Sơn	56 Nguyễn Tuấn Thiện, khối phố 1, thị trấn Phố Châu, Huyện Hương Sơn, Tỉnh Hà Tĩnh, Việt Nam					Hà Tĩnh
CN Nghệ An	39 Lê Hồng Phong, phường  Hưng Bình, Thành Phố Vinh, Tỉnh Nghệ An, Việt Nam					Nghệ An
PGD Đô Lương (Hưng Phúc cũ)	Khu đô thị mới Vườn Xanh, khối 4, thị trấn Đô Lương, Tỉnh Nghệ An, Việt Nam					Nghệ An
PGD Quán Hành	Tòa nhà công ty cổ phần thương mại Bảo Hưng, Khối Phố 4, Thị Trấn Quán Hành, Huyện Nghi Lộc, Tỉnh Nghệ An, Việt Nam					Nghệ An
PGD Bắc Nghệ An (Minh Khai cũ)	Khối Bắc Mỹ, phường Quỳnh Thiện, thị xã Hoàng Mai, Tỉnh Nghệ An, Việt Nam					Nghệ An
PGD  Diễn Châu  (Trường Thi cũ)	Thôn 7, xã Diễn Kỷ, Huyện Diễn Châu, Tỉnh Nghệ An, Việt Nam					Nghệ An
PGD Vinh	Số 22 Quang Trung, phường Quang Trung, Thành Phố Vinh, Tỉnh Nghệ An, Việt Nam					Nghệ An
CN Thanh Hóa	Số 13+14 Phố Phan Chu Trinh, P.Điện Biên, Thành Phố Thanh Hóa, Tỉnh Thanh Hóa, Việt Nam					Thanh Hóa
PGD Lam Sơn	Số 448 đường Quang Trung, phường Đông Vệ, Thành Phố Thanh Hóa, Tỉnh Thanh Hóa, Việt Nam					Thanh Hóa
PGD Đào Duy Từ	LK1-19 Phố Đào Duy Từ, phường Ba Đình, Thành Phố Thanh Hóa, Tỉnh Thanh Hóa, Việt Nam					Thanh Hóa
PGD Tĩnh Gia	Số 232 Quang Trung, tiểu khu 3, thị trấn Tĩnh Gia,Huyện Tĩnh Gia, Tỉnh Thanh Hóa, Việt Nam					Thanh Hóa
CN Quảng Bình	Số 352 Trần Hưng Đạo, phường Nam Lý, Thành Phố Đồng Hới, Tỉnh Quảng Bình, Việt Nam					Quảng Bình
CN Nam Định	Số 08 Nguyễn Du, phường Nguyễn Du, Thành Phố Nam Định, Tỉnh Nam Định, Việt Nam					Nam Định
PGD Chợ Rồng	Số 97 Thành Chung, phường Cửa Bắc, Thành Phố Nam Định, Tỉnh Nam Định, Việt Nam					Nam Định
CN Hải Dương 	Số 360 Nguyễn Lương Bằng, Thành Phố Hải Dương, Tỉnh Hải Dương, Việt Nam					Hải Dương
PGD Điện Biên Phủ	Số 199 Điện Biên Phủ, phường Bình Hàn, Thành Phố Hải Dương, Tỉnh Hải Dương, Việt Nam					Hải Dương
PGD Thành Đông (PGD Chí Linh cũ)	Số 22 Quang Trung, phường Quang Trung, Thành Phố Hải Dương, Tỉnh Hải Dương, Việt Nam					Hải Dương
PGD  Trường An	Số 225-227, đường Trường Chinh, phường Thanh Bình, Thành Phố Hải Dương, Tỉnh Hải Dương, Việt Nam					Hải Dương
CN Hưng Yên	Số 129 Hải Thượng Lãn Ông, phường Hiến Nam, Thành Phố Hưng Yên, Tỉnh Hưng Yên, Việt Nam					Hưng Yên
CN Thái Bình	Lô 7-8 Trần Phú, phường Trần Hưng Đạo, Thành Phố Thái Bình, Tỉnh Thái Bình, Việt Nam					Thái Bình
CN Hải Phòng	Số 116 (tầng 2 và tầng 10) Nguyễn Đức Cảnh, Phường Cát Dài, Quận Lê Chân, Thành Phố Hải Phòng, Việt Nam					Hải Phòng
PGD Hải Đăng	Số 02, lô 22A, Lê Hồng Phong, P.Đông Khê, Quận Ngô Quyền, Thành Phố Hải Phòng, Việt Nam					Hải Phòng
PGD Ngô Quyền	376 Tô Hiệu, P.Hồ Nam, Quận Lê Chân, Thành Phố Hải Phòng, Việt Nam					Hải Phòng
PGD Lê Chân	Số 116C Lương Khánh Thiện, P. Lương Khánh Thiện, Quận Ngô Quyền, Thành Phố Hải Phòng, Việt Nam					Hải Phòng
CN Bắc Ninh	Tầng 1 Tòa nha Viglacera, số 15 Lý Thái Tổ, Thành Phố Bắc Ninh, Tỉnh Bắc Ninh, Việt Nam					Bắc Ninh
PGD Yên Phong	Số 178 đường 286, thị trấn Chờ, Huyện Yên Phong, Tỉnh Bắc Ninh, Việt Nam					Bắc Ninh
CN Bắc Giang	Số 772 đường Lê Lợi, Phường Dĩnh Kế, Thành Phố Bắc Giang, Tỉnh Bắc Giang, Việt Nam					Bắc Giang
CN Quảng Ninh	Số 9A-10A đường 25/4, phường Hồng Gai, Thành Phố Hạ Long, Tỉnh Quảng Ninh, Việt Nam					Quảng Ninh
PGD Cẩm Phả	Số 402 Trần Phú, phường Cẩm Trung, Thành Phố Cẩm Phả, Tỉnh Quảng Ninh, Việt Nam					Quảng Ninh
PGD Uông Bí	Số 01 Trần Quốc Toản, tổ 28, khu 8, P.Quang Trung, Thành Phố Uông Bí, Tỉnh Quảng Ninh, Việt Nam					Quảng Ninh
PGD Mạo Khê	Số 137 đường Hoàng Hoa Thám, Phường Mạo Khê, Thị Xã Đông Triều, Tỉnh Quảng Ninh, Việt Nam					Quảng Ninh
CN Thái Nguyên	Đường Bắc Sơn, KDC số 01, Phường Hoàng Văn Thụ, Thành Phố Thái Nguyên, Tỉnh Thái Nguyên, Việt Nam					Thái Nguyên
CN Vĩnh Phúc	Số 3 đường Mê Linh, Phường Liên Bảo, Thành Phố Vĩnh Yên, Tỉnh Vĩnh Phúc, Việt Nam					Vĩnh Phúc
CN Lạng Sơn	Số 408 Bà Triệu, Phường Vĩnh Trại, Thành phố Lạng Sơn, Tỉnh Lạng Sơn, Việt Nam					Lạng Sơn
PGD Đồng Đăng	Số 119 Khu Dây Thép, thị trấn Đồng Đăng, Huyện Cao Lộc, Tỉnh Lạng Sơn, Việt Nam					Lạng Sơn
PGD Hữu Lũng	Số 10A Chi Lăng, Khu An Ninh, thị trấn Hữu Lũng, Huyện Hữu Lũng, Tỉnh Lạng Sơn, Việt Nam					Lạng Sơn
CN Lào Cai	Số 143 đường Hoàng Liên, P.Cốc Lếu, Thành Phố Lào Cai, Tỉnh Lào Cai, Việt Nam					Lào Cai
PGD Bắc Cường (Cam Đường cũ)	Số 6 đường Trần Hưng Đạo, phường Bắc Cường,Thành Phố Lào Cai, Tỉnh Lào Cai, Việt Nam					Lào Cai
PGD Duy Minh	Trung tâm thương mại Thạnh Phú, Số 411/1 Khu phố 1, thị trấn Thạnh Phú, huyện Thạnh Phú, tỉnh Bến Tre					Bến Tre
PGD Gò Công	số 124-126 đường Trương Định, khu phố 3, phường 2, thị xã Gò Công, tỉnh Tiền Giang					Tiền Giang
PGD Cái Bè	Số 150 Tỉnh lộ 875, ấp 5, xã Phú An, huyên Cai Lậy, tỉnh Tiền Giang					Tiền Giang
CN Bạc Liêu	Số 206-208 đường Trần Phú, phường 7, TP. Bạc Liêu, tỉnh Bạc Liêu					Bạc Liêu
PGD Bình Minh (Bình Tân cũ)	Số 75 Nguyễn Văn Thảnh, Khóm 2, Phường Cái Vồn, thị xã Bình Minh, tỉnh Vĩnh Long					Vĩnh Long
PGD Bù Đăng	Số 281 Quốc lộ 14, thị trấn Đức Phong, huyện Bù Đăng, tỉnh Bình Phước					Bình Phước
PGD Chơn Thành	Số 69 Đường 2 tháng 4, KP.3, thị trấn Chơn Thành, huyện Chơn Thành, tỉnh Bình Phước					Bình Phước
PGD Di Linh	749 Hùng Vương, thị trấn Di Linh, huyên Di Linh, tỉnh Lâm Đồng					Lâm Đồng
PGD Bảo Lộc	40 Hà Giang, phường Lộc Sơn, thành phố Bảo Lộc, tỉnh Lâm Đồng					Lâm Đồng
PGD Phan Rí	167 Thống Nhất, dân phố 6, thị trấn Phan Rí Cửa, huyện Tuy Phong, tỉnh Bình Thuận					Bình Thuận
CN Ninh Thuận	Số 207B Ngô Gia Tự, KP 5, phường Thanh Sơn, TP Phan Rang Tháp Chàm, tỉnh Ninh Thuận					Ninh Thuận
PGD Tuy An	318-320 Quốc Lộ 1A, thị trấn Chí Thạnh, huyện Tuy An, tỉnh Phú Yên					Phú Yên
PGD Hòa Hiệp	Đường Hòa Hiệp, phường Hòa Hiệp Trung, thị xã Đông Hòa, tỉnh Phú Yên					Phú Yên
PGD Sơn Hà	348 đường 17 tháng 3, thị trấn Di Lăng, huyện Sơn Hà, tỉnh Quảng Ngãi					Quảng Ngãi
PGD Điện Bàn	147 Trần Nhân Tông, phường Vĩnh Điện, thị xã Điện Bàn, tỉnh Quảng Nam					Quảng Nam
PGD Hương Trà	Số 70 Cách Mạng Tháng 8, phường Tứ Hạ, thị xã Hương Trà, tỉnh Thừa Thiên Huế					Thừa Thiên Huế
CN Hà Nam	Số PG1-08A VinCom, đường Biên Hòa, Tổ 5, Phường Minh Khai, thành phố Phủ Lý, tỉnh Hà Nam					Hà Nam
CN Sơn La	Số 457A đường Chu Văn Thịnh, phường Chiềng Lề, thành phố Sơn La, tỉnh Sơn La					Sơn La
PGD Thuận Thành	Toàn bộ căn nhà tại LK13_1 và một phần căn nhà LK13_2, Khu nhà ở TMDV tổng hợp thị trấn Hồ, huyện Thuận Thành, tỉnh Bắc Ninh					Bắc Ninh
PGD Sa Pa	Số 417 Điện Biên Phủ, TT Sa Pa, huyện Sa Pa, tỉnh Lào Cai					Lào Cai
CN Phú Thọ	Số 2191 đường Hùng Vương, phường Gia Cẩm, thành phố Việt Trì, tỉnh Phú Thọ					Phú Thọ
PGD Ba Đồn	137-139 Hùng Vương, Quảng Long, Quảng Trạch District, tỉnh Quảng Bình, Vietnam.					Vietnam
PGD Việt Yên	Thôn Vàng, thị trấn Bích Động, huyện Việt Yên, tỉnh Bắc Giang					Bắc Giang
CN Trà Vinh	Vincom Shophouse PG1-01-02-03 đường Nam Kỳ Khởi Nghĩa, Khóm 3, Phường 2, TP Trà Vinh, tỉnh Trà Vinh					Trà Vinh
PGD Cai Lậy	Số 2-4-6-8 Đặng Văn Thạnh,  khu phố 1, phường 1, thị xã Cai Lậy, tỉnh Tiền Giang.					Tiền Giang
PGD Kiến Đức	Số 03 Nguyễn Tất Thành, thị trấn Kiến Đức, huyện Đắk R'Lấp, tỉnh Đắk Nông					Đắk Nông
PGD Đắk Mil	Số 16 Trần Hưng Đạo, thị trấn Đắk Mil, tỉnh Đắk Nông					Đắk Nông
PGD Đắk Hà	Số 501 Hùng Vương, thị trấn Đắk Hà, huyện Đắk Hà, tỉnh Kon Tum					Kon Tum
PGD Sông Hinh	Số 82 Trần Hưng Đạo, khu phố 4, thị trấn Hai Riêng, huyện Sông Hinh, tỉnh Phú Yên					Phú Yên
PGD Tư Nghĩa	Số 248 Nguyễn Huệ, thị trấn La Hà, huyện Tư Nghĩa, tỉnh Quảng Ngãi					Quảng Ngãi
PGD Núi Thành	Số 193 Nguyễn Văn Linh, thị trấn Núi Thành, huyên Núi Thành, tỉnh Quảng Nam					Quảng Nam
CN Quảng Trị	101 Quốc lộ 9, Đông Hà, tỉnh Quảng Trị, Vietnam.					Vietnam
PGD Bố Trạch	Số 49 Hùng Vương, thị trấn Hoàn Lão, huyện Bố Trạch, tỉnh Quảng Bình					Quảng Bình
PGD Lệ Thủy	Số 42 Nguyễn Tất Thành, thị trấn Kiến Giang, huyện Lệ Thủy, tỉnh Quảng Bình					Quảng Bình
PGD Thành Nam	Số 130+132 đường Quang Trung, phường Quang Trung, thành phố Nam Định, tỉnh Nam Định					Nam Định
PGD Văn Giang	Số 137 đường 179, thị trấn Văn Giang, huyện Văn Giang, tỉnh Hưng Yên.					Hưng Yên
PGD Khoái Châu (Ân Thi cũ)	Khu Trung tâm thương mại, thôn An Bình,  xã Dân Tiến, huyên Khoái Châu, tỉnh Hưng Yên					Hưng Yên
PGD Bắc Hưng Yên	Trung tâm thương mại Dịch vụ 2 thuộc dự án Khu nhà ở công nhân, nhà ở thương mại Lạc Hồng - Phố Nối, phường Nhân Hòa, thị xã Mỹ Hào, tỉnh Hưng Yên					Hưng Yên
PGD Tân Yên	Lô D3, trên mặt đường Cao Kỳ Vân, quy hoạch chi tiết khu dân cư mới, Thị trấn Cao Thượng, huyện Tân Yên, tỉnh Bắc Giang					Bắc Giang
PGD Phổ Yên	Số 17, Tổ dân phố số 6, phường Ba Hàng, thị xã Phổ Yên, tỉnh Thái Nguyên					Thái Nguyên
PGD Phúc Yên	Số 1 đường Sóc Sơn, phường Trưng Trắc, thành phố Phúc Yên, tỉnh Vĩnh Phúc					tỉnh Vĩnh Phúc
CN Cao Bằng	Số 40 phố Kim Đồng, phường Hợp Giang, thành phố Cao Bằng, tỉnh Cao Bằng					Cao Bằng
CN Tuyên Quang	Số 69 Hà Huy Tâp, phường Phan Thiết, thành phố Tuyên Quang, tỉnh Tuyên Quang					Tuyên Quang
CN Yên Bái	Số 738 đường Điên Biên, phường Minh Tân, TP.Yên Bái, tỉnh Yên Bái					Yên Bái
CN Hòa Bình	589 Cù Chính Lan, phường Phương Lâm, thành phố Hòa Bình, tỉnh Hòa Bình					Hòa Bình
PGD Hóc Môn	98/3 Đường Bà Triệu, Khu phố 1, Thị trấn Hóc Môn, Huyện Hóc Môn, Thành Phố Hồ Chí Minh					Hồ Chí Minh
PGD Hoa Lư	422 Nguyễn Công Trứ, Phường Ninh Sơn, Thành phố Ninh Bình, Tỉnh Ninh Bình					Ninh Bình
CN Hậu Giang	100-100A-100B, đường Nguyễn Thái Học, phường 1, TP Vị Thanh, Tỉnh Hậu Giang					Hậu Giang
PGD Bến Cát	Lô C - ô số 1, KDC Mỹ Phước 4 - Khu A, P.Mỹ Phước, thị xã Bến Cát, Tỉnh Bình Dương					Bình Dương
PGD Thuận An	45/2 Đường tỉnh 743, Thuận An, Bình Dương, Vietnam					Vietnam
PGD Tuy Đức	Đắk Búk So, Tuy Đức, Dak Nong, Vietnam					Vietnam
PGD Đắk Bla	931 Phạm Văn Đồng, phường Trần Hưng Đạo, Kon Tum, tỉnh Kon Tum, Vietnam					Vietnam
PGD Ninh Phước	Khu phố 4, thị trấn Phước Dân, Phan Rang–Tháp Chàm, tỉnh Ninh Thuận, Vietnam					Vietnam
PGD Đầm Sen	173 Hòa Bình, phường Hiệp Tân, quận Tân Phú, Thành phố Hồ Chí Minh, Vietnam					Vietnam
PGD Minh Diệu	Số 603 Đường Quốc lộ 1A, thị trấn Hoà Bình, huyện Hòa Bình, tỉnh Bạc Liêu, Vietnam					Vietnam
PGD Giá Rai	Số 122 Quốc lộ 1A, phường Hộ Phòng, thị xã Giá Rai, tỉnh Bạc Liêu, Việt Nam					Bạc Liêu
CN Phú Quốc	Số 139 đường Nguyễn Trung Trực, phường Dương Đông, TP. Phú Quốc, tỉnh Kiên Giang, Việt Nam					Kiên Giang
PGD Hòn Đất	Số 11, Tổ 10, Khu phố Đường Hòn, thị trấn Hòn Đất, huyện Hòn Đất, tỉnh Kiên Giang, Việt Nam					Kiên Giang
PGD Tắc Vân	Số 666 Đường Quốc lộ 1A, xã Tắc Vân, TP. Cà Mau, tỉnh Cà Mau, Việt Nam					Cà Mau
PGD Hải Hậu	Số 130+132 đường Quang Trung, phường Quang Trung, thành phố Nam Định, tỉnh Nam Định, Việt Nam					Nam Định
PGD Diêm Điền	Số 155 đường Nguyễn Đức Cảnh, Tổ dân phố 6, thị trấn Diêm Điền, huyện Thái Thụy, tỉnh Thái Bình, Việt Nam					Thái Bình
PGD Tiền Hải	Số 38 phố Hùng Thắng, tổ dân phố Hùng Thắng, thị trấn Tiền Hải, huyện Tiền Hải, tỉnh Thái Bình, Việt Nam					Thái Bình
PGD Từ Sơn	376 Trần Phú, phường Đông Ngàn, thị xã Từ Sơn, tỉnh Bắc Ninh, Việt Nam					Bắc Ninh
PGD Lục Nam	Số 16 phố Thanh Xuân, thị trấn Đồi Ngô, huyện Lục Nam, tỉnh Bắc Giang, Việt Nam					Bắc Giang
PGD Yên Lạc	Tòa nhà Kiết Hiền, đường Dương Tĩnh, thị trấn Yên Lạc, huyện Yên Lạc,  tỉnh Vĩnh Phúc, Việt Nam					tỉnh Vĩnh Phúc
PGD Lập Thạch	Đường tỉnh lộ 307, khu vực Trẻ Gắp, thị trấn Lập Thạch, huyện Lập Thạch, tỉnh Vĩnh Phúc, Việt Nam					tỉnh Vĩnh Phúc
CN Điện Biên	822 Đường Võ Nguyên Giáp, phường Tân Thanh, Thành phố Điện Biên Phủ, tỉnh Điện Biên, Việt Nam					Điện Biên
CN Lai Châu	Số 61 đường Đại lộ Lê Lợi, phương Tân Phong, thành phố Lai Châu, tỉnh Lai Châu, Việt Nam					Lai Châu
PGD Yên Khánh	Số 514-516 , khu phố 3, thị trấn Yên Ninh, huyện Yên Khánh, tỉnh Ninh Bình, Việt Nam					Ninh Bình
HDBank Hiệp Thành	182-184 Đường Nguyễn Ảnh Thủ, Hiệp Thành, Quận 12, Ho Chi Minh City, Vietnam					Vietnam
CN Hà Giang	Số 419 Đường Nguyễn Trãi, Phường Nguyễn Trãi, Thành phố Hà Giang, Tỉnh Hà Giang					Hà Giang
CN Móng Cái	Số 59 Đại lộ Hòa Bình, Phường Trần Phú, Thành phố Móng Cái, Tỉnh Quảng Ninh					Quảng Ninh
CN Bắc Kạn	Số 35, Đường Trường Chinh, Tổ 5, Phường Phùng Chí kiên, Thành phố Bắc Kạn, Tỉnh Bắc Kạn					Bắc Kạn
PGD Gia Viễn	Đường Hồng Dân (đường tái định cư, xã Gia Thịnh), Thị trấn Me, huyện Gia Viễn, tỉnh Ninh Bình					Ninh Bình