name	address	latitude	longitude	phone	workingTime	province
LiveBank Thủy Nguyên Ecopark (CRM/CDM)	MRA186 Thủy Nguyên, KĐT Ecopark 2, xã Xuân Quan, huyện Văn Giang, tỉnh Hưng Yên					Hưng Yên
TPBank Ninh Bình	Số 107-109 Đinh Tiên Hoàng, phường Đông Thành, TP.Ninh Bình, tỉnh Ninh Bình					Ninh Bình
TPBank Tây Ninh	Số 358-360-362, đường 30 tháng 4, phường 3, thành phố Tây Ninh, tỉnh Tây Ninh, Việt Nam					Tây Ninh
TPBank Thái Bình	Tầng 1, TTTM Victory, số 392 Lý Bôn, P.Trần Hưng Đạo, TP Thái Bình					Thái Bình
LiveBank Nguyễn Huệ TP Huế (CRM/CDM)	Số 25 Nguyễn Huệ, phường Vĩnh Ninh , TP.Huế, tỉnh Thừa Thiên Huế					Thừa Thiên Huế
TPBank Huế	Số 78 Bến Nghé, phường Phú Hội, TP Huế, tỉnh Thừa Thiên Huế					Thừa Thiên Huế
TPBank Vĩnh Phúc	Số 105 + 107 đường Mê Linh, phường Liên Bảo, thành phố Vĩnh Yên, tỉnh Vĩnh Phúc					Vĩnh Phúc
LiveBank Ngọc Khánh Ba Đình (CRM/CDM)	Số 29 Nguyễn Chí Thanh, phường Ngọc Khánh, quận Ba Đình, TP.Hà Nội					Hà Nội
LiveBank Nguyễn Thái Học Ba Đình (CRM/CDM)	152 Nguyễn Thái Học, phường Kim Mã, quận Ba Đình, TP.Hà Nội					Hà Nội
LiveBank Đội Cấn Ba Đình (CRM/CDM)	Số 164A Đội Cấn, phường Đội Cấn, quận Ba Đình, TP.Hà Nội					Hà Nội
LiveBank Cửa Nam Ba Đình (CRM/CDM)	Tầng 1 Tòa nhà Doji Tower, Số 5 Lê Duẩn, phường Cửa Nam, quận Ba Đình, TP.Hà Nội					Hà Nội
LiveBank Núi Trúc Ba Đình (CRM/CDM)	Số 57B Núi Trúc, phường Kim Mã, quận Ba Đình, TP.Hà Nội					Hà Nội
LiveBank Hoàng Hoa Thám Ba Đình (CRM/CDM)	Số 131 Hoàng Hoa Thám, phường Ngọc Hà, quận Ba Đình, TP.Hà Nội					Hà Nội
LiveBank Vĩnh Phúc Ba Đình (CRM/CDM)	Số 22 ngõ 6 đường Vĩnh Phúc, phường Vĩnh Phúc, quận Ba Đình, TP.Hà Nội					Hà Nội
LiveBank Cửa Bắc Ba Đình (CRM/CDM)	Số 63 Cửa Bắc, phường Trúc Bạch, quận Ba Đình, TP.Hà Nội					Hà Nội
LiveBank Đốc Ngữ Ba Đình (CRM/CDM)	Số 140 Đốc Ngữ, phường Vĩnh Phúc, quận Ba Đình, TP.Hà Nội					Hà Nội
TPBank Đội Cấn	Số 155 Đội Cấn, phường Đội Cấn, quận Ba Đình, TP.Hà Nội					Hà Nội
TPBank Phạm Hùng	Tầng 1 Tòa nhà FPT, P. Duy Tân, Dịch Vọng Hậu, Cầu Giấy, Hà Nội					Hà Nội
LiveBank Green Star Bắc Từ Liêm (CRM/CDM)	Tầng 1 nhà B5, Chung cư Green Star, số 234 Phạm Văn Đồng, phường Cổ Nhuế, quận Bắc Từ Liêm, TP.Hà Nội					Hà Nội
LiveBank Trần Đăng Ninh Cầu Giấy (CRM/CDM)	Chung cư A5, Làng quốc tế Thăng Long, đường Trần Đăng Ninh, phường Dịch Vọng, quận Cầu Giấy, TP.Hà Nội					Hà Nội
LiveBank Đông Quan Cầu Giấy (CRM/CDM)	Số 15 Đông Quan, phường Quan Hoa, quận Cầu Giấy, TP.Hà Nội					Hà Nội
LiveBank Goldmark City Bắc Từ Liêm (CRM/CDM)	Số 190 Hoàng Công Chất, phường Cầu Diễn, quận Bắc Từ Liêm, TP.Hà Nội					Hà Nội
LiveBank Hoàng Quốc Việt Cầu Giấy (CRM/CDM)	Số 30 Hoàng Quốc Việt, phường Nghĩa Đô, quận Cầu Giấy, TP.Hà Nội					Hà Nội
LiveBank Yên Hòa Cầu Giấy (CRM/CDM)	Số 191 Yên Hòa, phường Yên Hòa, quận Cầu Giấy, TP.Hà Nội					Hà Nội
LiveBank Trung Hòa Cầu Giấy (CRM/CDM)	Số 16 Trung Hòa, phường Trung Hoà, quận Cầu Giấy, TP.Hà Nội					Hà Nội
LiveBank FPT Tôn Thất Thuyết Cầu Giấy (CRM/CDM)	Tòa nhà Detech số 08 Tôn Thất Thuyết, phường Dịch Vọng Hậu, quận Cầu Giấy, TP.Hà Nội					Hà Nội
LiveBank Ba Vì (CRM/CDM)	Cổng Trung tâm thương mại Lực Tiến, xã Chu Minh, huyện Ba Vì, TP.Hà Nội					Hà Nội
LiveBank Cổ Nhuế Bắc Từ Liêm (CRM/CDM)	Số 89 Cổ Nhuế, phường Cổ Nhuế, quận Bắc Từ Liêm, TP.Hà Nội					Hà Nội
LiveBank Trần Cung Cầu Giấy (CRM/CDM)	Số 61 Trần Cung, phường Nghĩa Tân, quận Cầu Giấy, TP.Hà Nội					Hà Nội
LiveBank Lê Văn Hiến Bắc Từ Liêm (CRM/CDM)	Số 55 Lê Văn Hiến, phường Đức Thắng, quận Bắc Từ Liêm, TP.Hà Nội					Hà Nội
LiveBank Doãn Kế Thiện Cầu Giấy (CRM/CDM)	Số 35 Doãn Kế Thiện, phường Mai Dịch, quận Cầu Giấy, TP.Hà Nội					Hà Nội
LiveBank CT3 Bộ Công An Phạm Văn Đồng (CRM/CDM)	Tầng 1 Chung cư CT3 Bộ Công An, đường Phạm Văn Đồng, phường Cổ Nhuế 2, quận Bắc Từ Liêm, TP.Hà Nội					Hà Nội
TPBank Cầu Giấy	Số 110 Nguyễn Khánh Toàn, phường Quan Hoa, quận Cầu Giấy, TP.Hà Nội					Hà Nội
LiveBank Phan Văn Trường Cầu Giấy (CRM/CDM)	Số 137 Phan Văn Trường, phường Dịch Vọng Hậu, quận Cầu Giấy, TP.Hà Nội					Hà Nội
LiveBank Trung Kính Cầu Giấy (CRM/CDM)	Số 110 Trung Kính, phường Yên Hòa, Quận Cầu Giấy, TP Hà Nội					Hà Nội
LiveBank Lạc Long Quân Cầu Giấy (CRM/CDM)	61 Lạc Long Quân, quận Cầu Giấy, TP Hà Nội					Hà Nội
LiveBank Vũ Phạm Hàm Cầu Giấy (CRM/CDM)	Số 140 Vũ Phạm Hàm, phường Yên Hòa, quận Cầu Giấy, TP.Hà Nội					Hà Nội
LiveBank Sunshine City Bắc Từ Liêm (CRM/CDM)	Tòa S3, chung cư Sunshine City, đường Phạm Văn Đồng, phường Đông Ngạc, quận Bắc Từ Liêm, TP.Hà Nội					Hà Nội
TPBank Bắc Từ Liêm	Tầng 1 tòa nhà T3B, khu thương mai dịch vụ, dự án Horizon tower, Lô No3 T3&T4 khu Ngoại Giao Đoàn, phường Xuân Tảo, quận Bắc Từ Liêm, TP.Hà Nội					Hà Nội
LiveBank Dương Đình Nghệ Cầu Giấy (CRM/CDM)	Lô E2 đường Dương Đình Nghệ, phường Yên Hòa, quận Cầu Giấy, TP.Hà Nội					Hà Nội
LiveBank FPT Phạm Văn Bạch Cầu Giấy (CRM/CDM)	Sảnh Tòa nhà FPT Tower, số 10 Phạm Văn Bạch, phường Dịch Vọng, quận Cầu Giấy, TP.Hà Nội					Hà Nội
LiveBank Chung cư Ecohome Bắc Từ Liêm (CRM/CDM)	Shophouse tòa N03, Chung cư Ecohome 3, đường Tân Xuân, phường Đông Ngạc, quận Bắc Từ Liêm, TP.Hà Nội					Hà Nội
LiveBank Dương Quảng Hàm Cầu Giấy (CRM/CDM)	Số 45 Dương Quảng Hàm, phường Quan Hoa, quận Cầu Giấy, TP.Hà Nội					Hà Nội
LiveBank Mai Dịch Cầu Giấy (CRM/CDM)	Số 86 Mai Dịch, phường Mai Dịch, quận Cầu Giấy, TP.Hà Nội					Hà Nội
TPBank Trung Hòa Nhân Chính	Tầng 1, tòa nhà 24T1, Khu đô thị mới Trung Hòa – Nhân Chính, phường Trung Hoà, quận Cầu Giấy, TP.Hà Nội					Hà Nội
LiveBank Big C Thăng Long Cầu Giấy (CRM/CDM)	Kios 2K39, TTTM Big C Thăng Long, Số 222 đường Trần Duy Hưng, phường Trung Hoà, quận Cầu Giấy, TP.Hà Nội					Hà Nội
LiveBank Chung cư Euro Window Đông Anh (CRM/CDM)	Shophouse P208, Chung cư Euro Window RiverPark, đường Đông Hội, xã Đông Hội, huyện Đông Anh, TP.Hà Nội					Hà Nội
LiveBank Học viện Ngân hàng Đống Đa (CRM/CDM)	Cổng 2 Học Viện Ngân Hàng, số 12 Chùa Bộc, phường Quang Trung, quận Đống Đa, TP.Hà Nội					Hà Nội
LiveBank Xã Đàn Đống Đa (CRM/CDM)	Số 242 Xã Đàn, phường Ô Chợ Dừa, quận Đống Đa, TP.Hà Nội					Hà Nội
TPBank Đống Đa	Số 95 Hoàng Cầu, Ô Chợ Dừa, Đống Đa, Hà Nội					Hà Nội
LiveBank Khâm Thiên Đống Đa (CRM/CDM)	Số 44 Khâm Thiên, phường Khâm Thiên, quận Đống Đa, TP.Hà Nội					Hà Nội
LiveBank Thái Thịnh Đống Đa (CRM/CDM)	Số 41A Thái Thịnh, phường Ngã Tư Sở, quận Đống Đa, TP.Hà Nội					Hà Nội
LiveBank Khương Thượng Đống Đa (CRM/CDM)	Số 70 Khương Thượng, phường Khương Thượng, quận Đống Đa, TP.Hà Nội					Hà Nội
LiveBank Hào Nam Đống Đa (CRM/CDM)	Số 146 Hào Nam, phường Cát Linh, quận Đống Đa, TP.Hà Nội					Hà Nội
LiveBank Chùa Láng Đống Đa (CRM/CDM)	Số 177 Chùa Láng, phường Chùa Láng, quận Đống Đa, TP.Hà Nội					Hà Nội
LiveBank Thành Công Đống Đa (CRM/CDM)	Số 17 Thành Công, phường Thành Công, quận Đống Đa, TP.Hà Nội					Hà Nội
LiveBank Đê La Thành Đống Đa (CRM/CDM)	Số 416 Đê La Thành, phường Ô Chợ Dừa, quận Đống Đa, TP.Hà Nội					Hà Nội
LiveBank Nguyên Hồng Đống Đa (CRM/CDM)	Số 28 Nguyên Hồng, phường Láng Hạ, quận Đống Đa, TP.Hà Nội					Hà Nội
LiveBank Ngô Xuân Quảng Gia Lâm (CRM/CDM)	Số 42 Ngô Xuân Quảng, thị trấn Trâu Quỳ, huyện Gia Lâm, TP.Hà Nội					Hà Nội
LiveBank TTTM Vincom Ocean Park Gia Lâm (CRM/CDM)	TTTM Vincom, KĐT Vinhomes Ocean Park, xã Đa Tốn, huyện Gia Lâm, TP.Hà Nội					Hà Nội
LiveBank Dương Nội Hà Đông (CRM/CDM)	Tòa CT7J, Khu đô thị Dương Nội, đường Lê Văn Lương kéo dài, phường Yên Nghĩa, quận Hà Đông, TP.Hà Nội					Hà Nội
LiveBank Xa La Hà Đông (CRM/CDM)	Lô số 6 BT12, khu đô thị Xa La, phường Phúc La, quận Hà Đông, TP.Hà Nội					Hà Nội
LiveBank Nguyễn Khuyến Hà Đông (CRM/CDM)	Số 44 Nguyễn Khuyến, phường Văn Quán, quận Hà Đông, TP.Hà Nội					Hà Nội
LiveBank Nguyễn Văn Lộc Hà Đông (CRM/CDM)	Số 61 - LK5A, phố Nguyễn Văn Lộc, Làng Việt Kiều Châu Âu, phường Mộ Lao, quận Hà Đông, TP.Hà Nội					Hà Nội
LiveBank K Park Hà Đông (CRM/CDM)	Shophouse số SH08, khu đô thị K Park, đường Lê Trọng Tấn, phường Phúc La, quận Hà Đông, TP.Hà Nội					Hà Nội
LiveBank The Vesta Hà Đông (CRM/CDM)	Kiot số 10 toà V3, khu đô thị The Vesta, phường Phú Lâm, quận Hà Đông, TP.Hà Nội					Hà Nội
LiveBank Aeon Mall Hà Đông (CRM/CDM)	Sảnh Tương Lai, TTTM Aeon Mall Hà Đông, phường Dương Nội, quận Hà Đông, TP.Hà Nội					Hà Nội
LiveBank Điện Biên Phủ Quận 1 (CRM/CDM)	Số 82 Điện Biên Phủ, phường Đa Kao, quận 1, TP.Hồ Chí Minh					Hồ Chí Minh
LiveBank Phạm Ngũ Lão Quận 1 (CRM/CDM)	Số 275a Phạm Ngũ Lão, phường Phạm Ngũ Lão, quận 1, TP.Hồ Chí Minh					Hồ Chí Minh
LiveBank Hàm Nghi Quận 1 (CRM/CDM)	Chân tòa nhà Ruby Tower, số 81-83-85 Hàm Nghi, phường Nguyễn Thái Bình, quận 1, TP.Hồ Chí Minh					Hồ Chí Minh
LiveBank Trần Quang Khải Quận 1 (CRM/CDM)	Số 127C Trần Quang Khải, phường Tân Định, quận 1, TP.Hồ Chí Minh					Hồ Chí Minh
TPBank Hồ Chí Minh	Số 456A Nguyễn Thị Minh Khai, phường 5, quận 3, TP.Hồ Chí Minh					Hồ Chí Minh
TPBank Bến Thành	Số 180 Nam Kỳ Khởi Nghĩa, phường 6, quận 3, TP.Hồ Chí Minh					Hồ Chí Minh
TPBank Quận 3	Số 19B&19C Kỳ Đồng, phường 9, quận 3, TP.Hồ Chí Minh					Hồ Chí Minh
LiveBank 122 Cách mạng tháng Tám Quận 3 (CRM/CDM)	Ký túc xá SV Lào, số 122ABC Cách mạng Tháng 8, phường 7, quận 3, TP.Hồ Chí Minh					Hồ Chí Minh
LiveBank Lý Chính Thắng Quận 3 (CRM/CDM)	Số 77B Lý Chính Thắng, phường 8, quận 3, TP.Hồ Chí Minh					Hồ Chí Minh
LiveBank Nguyễn Đình Chiểu Quận 3 (CRM/CDM)	Số 778 Nguyễn Đình Chiểu, phường 1, quận 3, TP.Hồ Chí Minh					Hồ Chí Minh
LiveBank Nguyễn Thượng Hiền Quận 3 (CRM/CDM)	Số 261 Nguyễn Thượng Hiền, phường 4, quận 3, TP.Hồ Chí Minh					Hồ Chí Minh
LiveBank Galaxy Nguyễn Khoái Quận 4 (CRM/CDM)	Chung cư Galaxy 9, Số 9 Nguyễn Khoái, phường 1, quận 4, TP.Hồ Chí Minh					Hồ Chí Minh
LiveBank Khánh Hội Quận 4 (CRM/CDM)	Số 121 Khánh Hội, phường 3, quận 4, TP.Hồ Chí Minh					Hồ Chí Minh
LiveBank Vĩnh Hội Quận 4 (CRM/CDM)	Số 121 Vĩnh Hội, phường 4, quận 4, TP.Hồ Chí Minh					Hồ Chí Minh
LiveBank Nguyễn Tất Thành Quận 4 (CRM/CDM)	Số 332/1 Nguyễn Tất Thành, phường 13, quận 4, TP.Hồ Chí Minh					Hồ Chí Minh
LiveBank Hùng Vương Plaza Quận 5 (CRM/CDM)	Chân Tòa nhà Hùng Vương Plaza, 126 Hùng Vương, phường 12, quận 5, TP.Hồ Chí Minh					Hồ Chí Minh
LiveBank Đỗ Ngọc Thạnh Quận 5 (CRM/CDM)	Số 100 Đỗ Ngọc Thạnh, phường 14, quận 5, TP.Hồ Chí Minh					Hồ Chí Minh
LiveBank Trần Bình Trọng Quận 5 (CRM/CDM)	Số 74 Trần Bình Trọng, phường 1, quận 5, TP.Hồ Chí Minh					Hồ Chí Minh
LiveBank Bình Phú Quận 6 (CRM/CDM)	Số 79 Bình Phú, phường 11, quận 6, TP.Hồ Chí Minh					Hồ Chí Minh
LiveBank Bà Hom Quận 6 (CRM/CDM)	Số A5 đường Bà Hom, phường 13, quận 6, TP.Hồ Chí Minh					Hồ Chí Minh
TPBank Hùng Vương	Số 32, đường Hậu Giang, phường 2, quận 6, thành phố Hồ Chí Minh, Việt Nam					Hồ Chí Minh
LiveBank Đường số 23 Quận 6 (CRM/CDM)	Số 171 đường số 23, phường 11, quận 6, TP.Hồ Chí Minh					Hồ Chí Minh
LiveBank Tân Hòa Đông Quận 6 (CRM/CDM)	Số 35B Tân Hòa Đông, phường 14, quận 6, TP.Hồ Chí Minh					Hồ Chí Minh
LiveBank Nguyễn Văn Luông Quận 6 (CRM/CDM)	Số 244B Nguyễn Văn Luông, phường 11, quận 6, TP.Hồ Chí Minh					Hồ Chí Minh
LiveBank FPT Tân Thuận 2 Quận 7 (CRM/CDM)	Lô L 29B-31B-33B, đường Tân Thuận, KCX Tân Thuận, phường Tân Thuận Đông, quận 7, TP.Hồ Chí Minh					Hồ Chí Minh
LiveBank Sunrise City Quận 7 (CRM/CDM)	Lô thương mại X-01.09, Tòa nhà Sunrise City, số 27 Nguyễn Hữu Thọ, phường Tân Hưng, quận 7, TP.Hồ Chí Minh					Hồ Chí Minh
LiveBank Eratown Quận 7 (CRM/CDM)	Block A5, Chung cư Era Town, phường Phú Mỹ, quận 7, TP.Hồ Chí Minh					Hồ Chí Minh
LiveBank Hoàng Văn Thái Quận 7 (CRM/CDM)	Số 87 Hoàng Văn Thái, phường Tân Phú, quận 7, TP.Hồ Chí Minh					Hồ Chí Minh
LiveBank Nguyễn Văn Linh Quận 7 (CRM/CDM)	Số 1415 Nguyễn Văn Linh, phường Tân Phong, quận 7, TP.Hồ Chí Minh					Hồ Chí Minh
LiveBank Chung cư An Gia Quận 7 (CRM/CDM)	Shophouse 1.02, Chung cư An Gia, số 89 Hoàng Quốc Việt, phường Phú Mỹ, quận 7, TP.Hồ Chí Minh					Hồ Chí Minh
LiveBank Florita Quận 7 (CRM/CDM)	Shophouse TM07, Chung cư Florita, đường D4, KĐT Him Lam, phường Tân Hưng, quận 7, TP.Hồ Chí Minh					Hồ Chí Minh
LiveBank Chung cư Cosmo City Quận 7 (CRM/CDM)	Kios 1S10-C, TTTM GO! Nguyễn Thị Thập, Lô A, Khu Dân Cư Cityland, 99 Nguyễn Thị Thập,, phường Tân Phú, quận 7, TP.Hồ Chí Minh					Hồ Chí Minh
LiveBank Tạ Quang Bửu Quận 8 (CRM/CDM)	Số 924C Tạ Quang Bửu, phường 5, quận 8, TP.Hồ Chí Minh					Hồ Chí Minh
LiveBank Pegasuite Quận 8 (CRM/CDM)	Shophouse PH64, Chung cư Pegasuite, đường Tạ Quang Bửu, phường 6, quận 8, TP.Hồ Chí Minh					Hồ Chí Minh
TPBank Quận 8	Số 360 Phạm Hùng, phường 5, quận 8, TP.Hồ Chí Minh					Hồ Chí Minh
LiveBank Diamond Riverside Quận 8 (CRM/CDM)	Cổng bên Chung cư Diamond Riverside, phường 16, quận 8, TP.Hồ Chí Minh					Hồ Chí Minh
LiveBank Cao Lỗ Quận 8 (CRM/CDM)	Số 100 Cao Lỗ, phường 4, quận 8, TP.Hồ Chí Minh					Hồ Chí Minh
LiveBank Nguyễn Thị Tần Quận 8 (CRM/CDM)	Số 22-22P Nguyễn Thị Tần, phường 2, quận 8, TP.Hồ Chí Minh					Hồ Chí Minh
LiveBank Green River Quận 8 (CRM/CDM)	Cổng Chung cư Green River, đường Phạm Thế Hiển, phường 6, quận 8, TP.Hồ Chí Minh					Hồ Chí Minh
LiveBank Ngô Quyền Quận 10 (CRM/CDM)	Số 153 Ngô Quyền, phường 6, quận 10, TP.Hồ Chí Minh					Hồ Chí Minh
LiveBank Rivera Park Quận 10 (CRM/CDM)	Chung cư Rivera Park, phường 14, quận 10, TP.Hồ Chí Minh					Hồ Chí Minh
LiveBank Vĩnh Viễn Quận 10 (CRM/CDM)	Số 84 Vĩnh Viễn, phường 2, quận 10, TP.Hồ Chí Minh					Hồ Chí Minh
LiveBank Thành Thái Quận 10 (CRM/CDM)	Số 111 đường Thành Thái, phường 14, quận 10, TP.Hồ Chí Minh					Hồ Chí Minh
LiveBank Sư Vạn Hạnh Quận 10 (CRM/CDM)	Số 387 Sư Vạn Hạnh, phường 12, quận 10, TP.Hồ Chí Minh					Hồ Chí Minh
LiveBank Đường 3/2 Quận 10 (CRM/CDM)	Số 154 đường 3 tháng 2, phường 12, quận 10, TP.Hồ Chí Minh					Hồ Chí Minh
LiveBank Lý Thường Kiệt Quận 11 (CRM/CDM)	Số 299 Lý Thường Kiệt, phường 15, quận 11, TP.Hồ Chí Minh					Hồ Chí Minh
LiveBank Công viên phần mềm Quang Trung (CRM/CDM)	Lô 45 Công viên Phần mềm Quang Trung, phường Tân Chánh Hiệp, quận 12, TP.Hồ Chí Minh					Hồ Chí Minh
TPBank Quận 12	Số 6, đường Trường Chinh, phường Tân Thới Nhất, quận 12, thành phố Hồ Chí Minh, Việt Nam 					Hồ Chí Minh
LiveBank Nguyễn Văn Quá Quận 12 (CRM/CDM)	Số 78 Nguyễn Văn Quá, phường Đông Hưng Thuận, quận 12, TP.Hồ Chí Minh					Hồ Chí Minh
LiveBank Lê Văn Khương Quận 12 (CRM/CDM)	Số 149/4A Lê Văn Khương, phường Tân Thới An, quận 12, TP.Hồ Chí Minh					Hồ Chí Minh
LiveBank Prosper Plaza Quận 12 (CRM/CDM)	Shophouse BS21 chung cư Prosper Plaza, đường Phan Văn Hớn, phường Tân Thới Nhất, quận 12, TP.Hồ Chí Minh					Hồ Chí Minh
LiveBank Đông Bắc Quận 12 (CRM/CDM)	Số 183A đường Đông Bắc, phường Tân Chánh Hiệp, quận 12, TP.Hồ Chí Minh					Hồ Chí Minh
LiveBank Tô Ký Quận 12 (CRM/CDM)	Số 344 đường Tô Ký, phường Tân Chánh Hiệp, quận 12, TP.Hồ Chí Minh					Hồ Chí Minh
LiveBank 857 Nguyễn Ảnh Thủ Quận 12 (CRM/CDM)	Số 857 Nguyễn Ảnh Thủ, phường Tân Chánh Hiệp, quận 12, TP.Hồ Chí Minh					Hồ Chí Minh
LiveBank 33H1 Nguyễn Ảnh Thủ Quận 12 (CRM/CDM)	Số 33H1 Nguyễn Ảnh Thủ, phường Hiệp Thành, quận 12, TP.Hồ Chí Minh					Hồ Chí Minh
LiveBank Hà Huy Giáp Quận 12 (CRM/CDM)	Số 94 Hà Huy Giáp, phường Thạnh Lộc, quận 12, TP.Hồ Chí Minh					Hồ Chí Minh
LiveBank Happy City Bình Chánh (CRM/CDM)	Sân Chung cư Happy City, đường Nguyễn Văn Linh, xã Bình Hưng, huyện Bình Chánh, TP.Hồ Chí Minh					Hồ Chí Minh
LiveBank TTTM Satra Bình Chánh (CRM/CDM)	Cổng TTTM Satra, số 300 đường Phạm Hùng, xã Bình Hưng, huyện Bình Chánh, TP.Hồ Chí Minh					Hồ Chí Minh
LiveBank Moonlight Bình Tân (CRM/CDM)	Shophouse A26 Chung cư MOONLIGHT, đường số 7, phường An Lạc A, quận Bình Tân, TP.Hồ Chí Minh					Hồ Chí Minh
TPBank Bình Tân	Số 57-63 Trần Văn Giàu, phường Bình Trị Đông B, quận Bình Tân, TP.Hồ Chí Minh					Hồ Chí Minh
TPBank Tô Hiệu	Số 10, Tòa nhà H1, Chung cư Hoàng Huy Commerce, Đường Võ Nguyên Giáp, Phường Kênh Dương, Quận Lê Chân, TP.Hải Phòng					Hải Phòng
TPBank Ngô Quyền	Số 4 Lô 22A đường Lê Hồng Phong, phường Đông Khê, quận Ngô Quyền, TP.Hải Phòng					Hải Phòng
LiveBank Aeon Mall Hải Phòng (CRM/CDM)	Khu ATM, tầng 1 TTTM Aeon Mall Hải Phòng, số 10 đường Võ Nguyên Giáp, phường Dư Hàng Kênh, quận Lê Chân, TP.Hải Phòng					Hải Phòng
TPBank Hải Phòng	Số 38 Đinh Tiên Hoàng, Phường Hoàng Văn Thụ, Quận Hồng Bàng, TP. Hải Phòng					Hải Phòng
LiveBank Trần Văn Khéo Cần Thơ (CRM/CDM)	Số 97 Trần Văn Khéo, phường Cái Khế, quận Ninh Kiều, TP.Cần Thơ					Cần Thơ
TPBank Cần Thơ	Số 135 Trần Hưng Đạo, phường An Phú, quận Ninh Kiều, TP.Cần Thơ					Cần Thơ
TPBank Bắc Cần Thơ	Số 1A đường 30/4, P. Xuân Khánh, Q. Ninh Kiều, TP. Cần Thơ					Cần Thơ
TPBank Thốt Nốt	166-168 Quốc lộ 91, khu vực, Phụng Thạnh 1, Thốt Nốt, Cần Thơ					Cần Thơ
LiveBank Thốt Nốt (CRM/CDM)	Số 166 - 168 Quốc lộ 91, khu vực Phụng Thạnh 1, phường Thốt Nốt, quận Thốt Nốt, TP Cần Thơ					Cần Thơ
TPBank Biên Hòa	Số 97 đường 30 tháng 4, phường Thanh Bình, TP.Biên Hòa, tỉnh Đồng Nai					Đồng Nai
LiveBank Phạm Văn Thuận Biên Hòa (CRM/CDM)	Số 486 Phạm Văn Thuận, phường Tam Hiệp, TP.Biên Hòa, tỉnh Đồng Nai					Đồng Nai
TPBank Đồng Nai	Số 262 Phạm Văn Thuận, phường Thống Nhất, TP.Biên Hòa, tỉnh Đồng Nai					Đồng Nai
TPBank Long Khánh	145 Hùng Vương , KP1, P.Xuân Hòa, TP.Long Khánh					Đồng Nai
ATM TPBank Đồng Nai	Công ty Cổ Phần Bao Bì Đại Lục - Đường chợ Chiều, Ấp Thanh Hóa, Xã Hố Nai 3, Trảng Bom, Đồng Nai					Đồng Nai
LiveBank Long Khánh (CRM/CDM)	145 Hùng Vương, Khu phố 1, phường Xuân Hòa, thành phố Long Khánh, tỉnh Đồng Nai					Đồng Nai
TPBank An Giang	Tòa nhà 204 – 204A Trần Hưng Đạo, phường Mỹ Bình, thành phố Long Xuyên, tỉnh An Giang					An Giang
LiveBank Hà Hoàng Hổ Long Xuyên (CRM/CDM)	Số 23 Hà Hoàng Hổ, phường Mỹ Xuyên, TP.Long Xuyên, tỉnh An Giang					An Giang
TPBank Châu Đốc	46 Trưng Nữ Vương, P.Châu Phú B, TP.Châu Đốc, An Giang					An Giang
LiveBank KCN Rạch Bắp Bình Dương (CRM/CDM)	Công ty CP Giày Đại Lộc, Lô G5, Khu B2, Đường D10, Khu công nghiệp Rạch Bắp, xã An Tây, tỉnh Bình Dương					Bình Dương
LiveBank Đông Hòa Dĩ An (CRM/CDM)	Kios số CL01, TTTM GO! Dĩ An, Quốc Lộ 1K, , phường Đông Hòa, TP.Dĩ An, tỉnh Bình Dương					Bình Dương
LiveBank TTHC Bình Dương (CRM/CDM)	Tòa nhà Trung tâm Hành chính tỉnh Bình Dương, đường Lê Lợi, phường Hòa Phú, TP.Thủ Dầu Một, tỉnh Bình Dương					Bình Dương
TPBank Bình Dương	Số 273-275 Đại lộ Bình Dương, phường Chánh Nghĩa, TP.Thủ Dầu Một, tỉnh Bình Dương					Bình Dương
LiveBank Phú Lợi Bình Dương (CRM/CDM)	Số 80c Phú Lợi, phường Phú Hòa, TP.Thủ Dầu Một, tỉnh Bình Dương					Bình Dương
LiveBank Đại lộ Bình Dương Thủ Dầu Một (CRM/CDM)	Số 116 Đại lộ Bình Dương, phường Phú Hòa, TP.Thủ Dầu Một, tỉnh Bình Dương					Bình Dương
LiveBank Lái Thiêu Bình Dương (CRM/CDM)	Số 6Bis Nguyễn Văn Tiết, phường Lái Thiêu, TP.Thuận An, tỉnh Bình Dương					Bình Dương
TPBank Dĩ An	Số 15 Đường số 9, Khu TT Hành Chính, phường Dĩ An, TP.Dĩ An, tỉnh Bình Dương					Bình Dương
LiveBank Mỹ Hiệp Tân Uyên (CRM/CDM)	Cổng công ty Cự Hùng, khu phố Mỹ Hiệp, phường Thái Hòa, thị xã Tân Uyên, tỉnh Bình Dương					Bình Dương
TPBank Thuận An	Số A1.03- A1.04 Khu nhà ở Thương mại Phú Hồng Phát, Đường 22 tháng 12, Phường Thuận Giao, Thành phố Thuận An, Tỉnh Bình Dương					Bình Dương
LiveBank FPT Complex Đà Nẵng (CRM/CDM)	Sảnh Tòa nhà FPT Complex, Đường Nam Kỳ Khởi Nghĩa, phường Hòa Hải, quận Ngũ Hành Sơn, TP.Đà Nẵng					Đà Nẵng
TPBank Đà Nẵng	Tòa nhà Trung tâm Bưu chính Liên tỉnh và Quốc tế khu vực 3, 271 Nguyễn Văn Linh, phường VĨnh Trung, quận Hải Châu, TP.Đà Nẵng					Đà Nẵng
LiveBank Hoàng Diệu Đà Nẵng (CRM/CDM)	Số 475 Hoàng Diệu, phường Hòa Thuận Đông, quận Hải Châu, TP.Đà Nẵng					Đà Nẵng
LiveBank Núi Thành Đà Nẵng (CRM/CDM)	Số 378 Núi Thành, phường Hòa Cường Bắc, quận Hải Châu, TP.Đà Nẵng					Đà Nẵng
LiveBank Hoàng Văn Thái Đà Nẵng (CRM/CDM)	Số 5 Hoàng Văn Thái, phường Hòa Khánh Nam, quận Liên Chiểu, TP.Đà Nẵng					Đà Nẵng
TPBank Bắc Đà Nẵng	Số 353 Điện Biên Phủ, phường Hòa Khê, quận Thanh Khê, TP.Đà Nẵng					Đà Nẵng
LiveBank Tôn Đức Thắng Đà Nẵng (CRM/CDM)	Số 681 Tôn Đức Thắng, phường Hòa Khánh, quận Liên Chiểu, TP.Đà Nẵng					Đà Nẵng
LiveBank Quang Trung Đà Nẵng (CRM/CDM)	Số 178 Quang Trung, phường Thanh Bình, quận Hải Châu, TP.Đà Nẵng					Đà Nẵng
TPBank Hải Châu	Tầng 1, Tòa nhà Viettronimex, 460 Nguyễn Hữu Thọ, Phường Khuê Trung, Quận Cẩm Lệ, Đà Nẵng					Đà Nẵng
LiveBank Đại học FPT Đà Nẵng (CRM/CDM)	Đại học FPT, Khu đô thị FPT City, phường Hòa Hải, quận Ngũ Hành Sơn, TP.Đà Nẵng					Đà Nẵng
LiveBank Nguyễn Văn Thoại Đà Nẵng	Số 94 Nguyễn Văn Thoại, phường Bắc Mỹ An, quận Ngũ Hành Sơn, TP.Đà Nẵng					Đà Nẵng
LiveBank Sapphire Hạ Long (CRM/CDM)	Cổng chung cư Sapphire Residence, Số 1 Bến Đoan, phường Hồng Gai, TP.Hạ Long, tỉnh Quảng Ninh					Quảng Ninh
TPBank Quảng Ninh	Tầng 1 tòa nhà Hạ Long DC, Số 8 đường 25/4, Phường Hồng Gai					Quảng Ninh
TPBank Cẩm Phả	749-751 Trần Phú, Cẩm Thu, Cẩm Phả, Quảng Ninh					Quảng Ninh
TPBank Uông Bí	Tầng 1 tòa nha Việt Phúc Plaza, phường Quang Trung, Uông Bí, Quảng Ninh					Quảng Ninh
LiveBank Trần Phú Daklak (CRM/CDM)	Số 177 Trần Phú, phường Thành Công, TP.Buôn Ma Thuột, tỉnh Đắk Lắk					Đắk Lắk
TPBank Buôn Ma Thuột	Số 71-73 Lý Thái Tổ, phường Tân Lợi, TP.Buôn Ma Thuột, tỉnh Đắk Lắk					Đắk Lắk
TPBank Buôn Hồ	Số 625 Hùng Vương, phường An Lạc, thị xã Buôn Hồ, tỉnh Daklak					Đắk Lắk
TPBank Đắk Lắk	56-58 Y Jut, Thống Nhất, Thành phố Buôn Ma Thuột, Đắk Lắk					Đắk Lắk
TPBank Thanh Hóa	Lô số 13 + 14 Phan Chu Trinh, phường Điện Biên, TP.Thanh Hóa, tỉnh Thanh Hóa					Thanh Hóa
TPBank Lam Sơn	Số 317-321 đường Trần Phú, phường Ba Đình, TP.Thanh Hóa, tỉnh Thanh Hóa					Thanh Hóa
TPBank Nghi Sơn	Tầng 1, 235 Lê Hoàn, Phường Ba Đình, TP Thanh Hóa, Tỉnh Thanh Hóa					Thanh Hóa
TPBank Vinh	Số 168 Đại lộ Lê Nin, thành phố Vinh, Nghệ An					Nghệ An
TPBank Nghệ An	Lô 12, cụm CT1 Quang Trung, phường Quang Trung, TP.Vinh, tỉnh Nghệ An					Nghệ An
TPBank Diễn Châu	Số 23 khối 4, thị trấn Diễn Châu, tỉnh Nghệ An					Nghệ An
LiveBank Trần Phú Từ Sơn (CRM/CDM)	Số 83 Trần Phú, thị xã Từ Sơn, Tỉnh Bắc Ninh					Bắc Ninh
TPBank Bắc Ninh	302 Trần Hưng Đạo, phường Đại Phúc, TP.Bắc Ninh, tỉnh Bắc Ninh					Bắc Ninh
TPBank Từ Sơn	Số 327-329-331 Trần Phú, phường Đình Bảng, TP.Từ Sơn, tỉnh Bắc Ninh					Bắc Ninh
TPBank Quế Võ	Số 69 khu 1, TT. Phố Mới, Quế Võ, Bắc Ninh					Bắc Ninh
TPBank Phú Quốc	Số 87 Nguyễn Trung Trực, thị trấn Dương Đông, huyện Phú Quốc, tỉnh Kiên Giang					Kiên Giang
TPBank Kiên Giang	Số 154 – 156 - 158 Trần Phú, phường Vĩnh Thanh Vân, TP.Rạch Giá, tỉnh Kiên Giang					Kiên Giang
LiveBank Phan Thị Ràng Kiên Giang (CRM/CDM)	P11-13 đường Phan Thị Ràng, phường An Hòa, TP.Rạch Giá, tỉnh Kiên Giang					Kiên Giang
TPBank Quảng Nam	Số 152 Phan Chu Trinh, Phường Phước Hòa					Quảng Nam
TPBank Hội An	Số 500 đường Hai Bà Trưng, phường Tân An, TP.Hội An, tỉnh Quảng Nam					Quảng Nam
TPBank Thái Nguyên	70 Hoàng Văn Thụ, phường Hoàng Văn Thụ, TP.Thái Nguyên, tỉnh Thái Nguyên					Thái Nguyên
TPBank Phổ Yên	Số 134 Trường Chinh, phường Ba Hàng, TP.Thị xã Phổ Yên, tỉnh Thái Nguyên					Thái Nguyên
TPBank Lào Cai	Số 144 Hoàng Liên, phường Cốc Lếu, TP.Lào Cai, tỉnh Lào Cai					Lào Cai
LiveBank Nguyễn Thái Học Vũng Tàu (CRM/CDM)	Số 131 Nguyễn Thái Học , phường 7, TP. Vũng Tàu, tỉnh Bà Rịa - Vũng Tàu					Bà Rịa Vũng Tàu
TPBank Vũng Tàu	Tầng 1 tòa nhà Vũng Tàu Plaza, 207 Lê Hồng Phong, phường 8, TP.Vũng Tàu, tỉnh Bà Rịa - Vũng Tàu					Bà Rịa Vũng Tàu
LiveBank Tôn Đức Thắng Phan Thiết (CRM/CDM)	Số 266 Tôn Đức Thắng, phường Xuân An, TP.Phan Thiết, tỉnh Bình Thuận					Bình Thuận
TPBank Bắc Giang	Tầng 1, tầng 4 tòa nhà TNL Plaza Bắc Giang, số 8 Nguyễn Văn Cừ, P, Bắc Giang					Bắc Giang
LiveBank Thống Nhất Nha Trang (CRM/CDM)	Số 306 Thống Nhất, phường Phương Sơn, TP.Nha Trang, tỉnh Khánh Hòa					Khánh Hòa
TPBank Nam Khánh Hòa	Số 48 đường A4, khu đô thị VCN, phường Phước Hải, TP.Nha Trang, tỉnh Khánh Hòa.					Khánh Hòa
TPBank Nha Trang	Số 79 Yersin, phường Phương Sài, TP.Nha Trang, tỉnh Khánh Hòa					Khánh Hòa
LiveBank Đại học Nha Trang (CRM/CDM)	Ký túc xá Đại học Nha Trang, đường Nguyễn Đình Chiểu, phường Vĩnh Thọ, TP.Nha Trang, tỉnh Khánh Hòa					Khánh Hòa
TPBank Vĩnh Hải (CRM/CDM)	TPBank Vĩnh Hải					Khánh Hòa
LiveBank Trần Hưng Đạo Quy Nhơn (CRM/CDM)	Số 503 Trần Hưng Đạo, phường Lê Hồng Phong, TP.Quy Nhơn, tỉnh Bình Định					Bình Định
TPBank Bình Định	Số 200–202 Phan Bội Châu, phường Trần Hưng Đạo, TP.Quy Nhơn, tỉnh Bình Định					Bình Định
LiveBank Diên Hồng Quy Nhơn (CRM/CDM)	334B Diên Hồng, Quy Nhơn, Bình Định					Bình Định
TPBank Bình Phước	Số Lô 21-22 Quốc Lộ 14, phường Tân Thiện, TP.Đồng Xoài, tỉnh Bình Phước					Bình Phước
LiveBank Ba Tháng Hai Đà Lạt (CRM/CDM)	Số 127 Đường 3/2, phường 1, TP.Đà Lạt, tỉnh Lâm Đồng					Lâm Đồng
LiveBank Nguyễn Công Trứ Đà Lạt (CRM/CDM)	Số 114 Nguyễn Công Trứ, phường 8, TP.Đà Lạt, tỉnh Lâm Đồng					Lâm Đồng
TPBank Lâm Đồng	Số 1 Đường 3/4, phường 3, TP.Đà Lạt, tỉnh Lâm Đồng					Lâm Đồng
LiveBank Nguyễn Hữu Thọ Bến Lức (CRM/CDM)	Số 251 Nguyễn Hữu Thọ, thị xã Bến Lức, tỉnh Long An					Long An
TPBank Long An	Số 127-129 Hùng Vương (nối dài), phường 6, TP.Tân An, tỉnh Long An					Long An
TPBank Quảng Ngãi	Số 698A-700 Quang Trung, phường Chánh Lộ, TP.Quảng Ngãi, tỉnh Quảng Ngãi					Quảng Ngãi
LiveBank Quang Trung Quảng Ngãi (CRM/CDM)	Số 220 Quang Trung, phường Lê Hồng Phong, TP.Quảng Ngãi, tỉnh Quảng Ngãi					Quảng Ngãi
LiveBank Trần Phú Pleiku (CRM/CDM)	Số 08 đường Trần Phú, phường Tây Sơn, TP.Pleiku, tỉnh Gia Lai					Gia Lai
LiveBank Phạm Ngũ Lão Hải Dương (CRM/CDM)	Số 75 Phạm Ngũ Lão, phường Lê Thanh Nghị, TP.Hải Dương, tỉnh Hải Dương					Hải Dương
TPBank Nam Định	Số 91 Quang Trung, Phường Quang Trung					Nam Định
LiveBank Trần Hưng Đạo Nam Định (CRM/CDM)	Số 91 Trần Hưng Đạo, phường Trần Hưng Đạo, TP.Nam Định, tỉnh Nam Định					Nam Định
TPBank Hải Hậu	Số 42 Khu 1 Thị Trấn Yên Định, Huyện Hải Hậu, Tỉnh Nam Định					Nam Định
TPBank Tiền Giang	119A Nam Kỳ Khởi Nghĩa, Phường 4, Thành phố Mỹ Tho, Tiền Giang					Tiền Giang
TPBank Hà Nam	Số 222 Lê Hoàn, phường Hai Bà Trưng, TP. Phủ Lý, tỉnh Hà Nam					Hà Nam